timestamp,date,cell_id,slice_type,prb_utilization_dl,prb_utilization_ul,sinr_db,rsrp_dbm,latency_ms,throughput_mbps,ue_count,qos_class_id,edge_inference_load,band,arfcn,pci,handover_count,drop_rate,ta,jitter_ms,cell_state,room,is_event_ground_truth
2026-01-01 00:00:00,2026-01-01,cell_pha_001,URLLC,0.2838352120950186,0.21051272222969253,17.658757773615395,-86.02520173625643,6.2720111256316535,44.093461479413044,21,7,0.22548490743557975,78,632120,73,0,0.005876127989516143,23,2.970282358195607,healthy,cleanroom_A,0
2026-01-01 00:00:00,2026-01-01,cell_pha_002,URLLC,0.3063535090392182,0.21850222267041242,20.442500940899,-86.27729354531789,7.789068844877623,45.123352197513,21,7,0.2211885525561019,78,632120,89,2,0.005168773355630114,18,2.070353768558381,healthy,cleanroom_B,0
2026-01-01 00:05:00,2026-01-01,cell_pha_001,URLLC,0.2646327181278539,0.19558681815256368,22.55997712104455,-85.07603086613676,7.279144178388188,46.78075495084615,27,7,0.22987323200662693,78,632120,73,0,0.005031831528989971,16,2.7304105015039415,healthy,cleanroom_A,0
2026-01-01 00:05:00,2026-01-01,cell_pha_002,URLLC,0.2835005742742219,0.22656065790187038,19.191388351253565,-84.69285683307771,7.478748284810624,48.69648396920016,24,7,0.20545100478422434,78,632120,89,0,0.0058581354280086055,20,2.786577134152598,healthy,cleanroom_B,0
2026-01-01 00:10:00,2026-01-01,cell_pha_001,URLLC,0.2717457324631995,0.2648482393370319,19.415552814848645,-87.29874667353987,7.4885684247536455,46.083366455269974,26,7,0.22578748250975303,78,632120,73,0,0.000357110450360834,18,2.370164391821349,healthy,cleanroom_A,0
2026-01-01 00:10:00,2026-01-01,cell_pha_002,URLLC,0.30573927643771465,0.21426087025355156,19.561529913301875,-87.91352948500688,7.457022298618162,46.612944622006296,20,7,0.22351288850522344,78,632120,89,0,0.005778066449482137,21,2.9266736175999624,healthy,cleanroom_B,0
2026-01-01 00:15:00,2026-01-01,cell_pha_001,URLLC,0.29370325712672235,0.20014222176800045,20.7207084727608,-86.54458076984761,7.5533397478474384,47.071960380839286,22,7,0.22343866324927017,78,632120,73,0,0.0029318683841586643,21,2.624269845538357,healthy,cleanroom_A,0
2026-01-01 00:15:00,2026-01-01,cell_pha_002,URLLC,0.26730105063867543,0.21760845367280804,20.768462130767343,-88.53100165093704,7.078745883109382,47.704543546471726,19,7,0.21242575787635096,78,632120,89,0,0.0052018666472647725,16,2.768265588014972,healthy,cleanroom_B,0
2026-01-01 00:20:00,2026-01-01,cell_pha_001,URLLC,0.2519914695997037,0.2138368732639711,19.53248323472629,-87.42503308236587,6.459497994581291,50.21254670540126,22,7,0.22836260274768855,78,632120,73,0,0.003054593614901526,13,3.2096141488930328,healthy,cleanroom_A,0
2026-01-01 00:20:00,2026-01-01,cell_pha_002,URLLC,0.28698028634064116,0.2206555643657033,20.046555409256644,-83.59733166301862,7.2597482549659285,46.41152187280859,23,7,0.2289862922504921,78,632120,89,0,0.0025146251107580142,20,1.8369710728057727,healthy,cleanroom_B,0
2026-01-01 00:25:00,2026-01-01,cell_pha_001,URLLC,0.2608074540175076,0.19220272175783426,21.705963469463473,-86.58471470473366,8.068097969334971,44.43371083703145,19,7,0.2254182736448251,78,632120,73,0,0.006087778114786446,19,2.753435529574755,healthy,cleanroom_A,0
2026-01-01 00:25:00,2026-01-01,cell_pha_002,URLLC,0.2924322829982799,0.19031385639904408,22.346077070030145,-89.19806942109696,6.405761309821387,56.74158739802199,24,7,0.1949838200322855,78,632120,89,0,0.004783784618625489,18,2.994063283947191,healthy,cleanroom_B,0
2026-01-01 00:30:00,2026-01-01,cell_pha_001,URLLC,0.22975951165886932,0.20541076272780007,19.749638195553576,-86.08067382622748,7.04144637950853,44.89303874152257,29,7,0.21073225761692346,78,632120,73,0,0.006664950576969109,23,2.668524283722672,healthy,cleanroom_A,0
2026-01-01 00:30:00,2026-01-01,cell_pha_002,URLLC,0.30515467611209035,0.1929121846573892,22.4941636789222,-84.60264048068863,6.310539363508083,45.53583996232684,25,7,0.21276267922629527,78,632120,89,0,0.0015872080944190703,19,2.2273869677321234,healthy,cleanroom_B,0
2026-01-01 00:35:00,2026-01-01,cell_pha_001,URLLC,0.32737273769231306,0.22479974840720315,18.39647491081646,-86.17795748916483,7.475583874370789,48.517763753166356,24,7,0.21025548814893763,78,632120,73,0,0.0028625412991480498,20,1.9921971181163758,healthy,cleanroom_A,0
2026-01-01 00:35:00,2026-01-01,cell_pha_002,URLLC,0.23895522402263009,0.26952783796693747,20.149881324666286,-83.41450141882505,7.937735430375255,44.3265929048385,23,7,0.2146449765116594,78,632120,89,0,0.005071891096154034,25,3.372877995997996,healthy,cleanroom_B,0
2026-01-01 00:40:00,2026-01-01,cell_pha_001,URLLC,0.29012723646396804,0.2622244558394115,19.913853759935915,-85.86412263964738,6.560357753397588,47.50967130442646,25,7,0.20240651105655055,78,632120,73,0,0.005608316986722611,19,2.4226974385702054,healthy,cleanroom_A,0
2026-01-01 00:40:00,2026-01-01,cell_pha_002,URLLC,0.2809189447778325,0.20547491699999265,21.019083050827216,-86.49150964154295,6.333497524370127,44.02082184678131,27,7,0.20715518846806164,78,632120,89,0,0.001804619082678123,25,2.452938279649594,healthy,cleanroom_B,0
2026-01-01 00:45:00,2026-01-01,cell_pha_001,URLLC,0.28271469344883626,0.22684684990416715,20.121888030144454,-82.22378894369912,6.722840171830508,44.7468357832999,29,7,0.21984389777350177,78,632120,73,1,0.003440352957798751,14,2.7562483956356107,healthy,cleanroom_A,0
2026-01-01 00:45:00,2026-01-01,cell_pha_002,URLLC,0.2751200223836528,0.18812756764421312,19.125024271918644,-86.79415914104911,7.430923502513238,41.55813291078404,21,7,0.21199227374865723,78,632120,89,0,0.007014634052220584,12,2.2704580811281954,healthy,cleanroom_B,0
2026-01-01 00:50:00,2026-01-01,cell_pha_001,URLLC,0.24485300113523978,0.20895253129635907,22.104296233985576,-85.48766667358923,8.723806311753142,56.71520150772122,29,7,0.19650985224962886,78,632120,73,0,0.0007814435468149225,19,2.10160721077268,healthy,cleanroom_A,0
2026-01-01 00:50:00,2026-01-01,cell_pha_002,URLLC,0.2720083752997314,0.22696509668878767,18.25012502995602,-86.83299082822852,7.537669585459966,47.285478768076004,25,7,0.23690874303577808,78,632120,89,0,0.003059609821924752,20,2.583088517741979,healthy,cleanroom_B,0
2026-01-01 00:55:00,2026-01-01,cell_pha_001,URLLC,0.3427950492679179,0.2672006470742573,20.26979311400797,-85.42123017116525,7.293875409971174,47.70814020475953,21,7,0.229539948684519,78,632120,73,0,0.004000210982728535,21,2.3042209832285763,healthy,cleanroom_A,0
2026-01-01 00:55:00,2026-01-01,cell_pha_002,URLLC,0.29363261014643094,0.18668707946756566,17.79649681563097,-86.70728721117493,8.090466733828872,50.782315444674545,24,7,0.2031849268376318,78,632120,89,0,0.004656873062867846,18,2.9050717016958054,healthy,cleanroom_B,0
2026-01-01 01:00:00,2026-01-01,cell_pha_001,URLLC,0.28529537264117344,0.228879819690613,16.80000987088244,-86.55787187198193,7.10361583525518,47.28944920647095,18,7,0.22163721117481272,78,632120,73,0,0.004381406280256172,26,3.415745986496579,healthy,cleanroom_A,0
2026-01-01 01:00:00,2026-01-01,cell_pha_002,URLLC,0.3190013378409688,0.23747965725963122,18.61652178715526,-83.40153259188509,7.884679609588732,46.99663148293237,27,7,0.19589049471150954,78,632120,89,0,0.0031786869421927652,26,2.6493378270855765,healthy,cleanroom_B,0
2026-01-01 01:05:00,2026-01-01,cell_pha_001,URLLC,0.24465089130655407,0.24347051027252983,19.033091412039667,-86.28597658625775,7.882925057091275,50.968751803784556,27,7,0.23169354352395605,78,632120,73,0,0.0032585726161632293,27,2.728272907929602,healthy,cleanroom_A,0
2026-01-01 01:05:00,2026-01-01,cell_pha_002,URLLC,0.2991260143269309,0.19903208714263762,19.24806418916047,-87.5205760496606,6.202905154376065,52.53368529983017,24,7,0.23694561110716228,78,632120,89,0,0.003832617067754498,17,2.1089964037025917,healthy,cleanroom_B,0
2026-01-01 01:10:00,2026-01-01,cell_pha_001,URLLC,0.2924167085611808,0.2684862904495362,20.22524007483631,-89.09485741520712,8.135385091941355,48.216100719697735,22,7,0.22969950382125573,78,632120,73,0,0.0055219036805610995,13,1.56435524570095,healthy,cleanroom_A,0
2026-01-01 01:10:00,2026-01-01,cell_pha_002,URLLC,0.2869863406041151,0.22703202678096088,20.836516427959452,-85.59448514107741,7.584516295557128,51.20541466796711,21,7,0.2506504161982965,78,632120,89,0,0.0061164599646085106,19,2.4245281692391027,healthy,cleanroom_B,0
2026-01-01 01:15:00,2026-01-01,cell_pha_001,URLLC,0.25533249948129044,0.22606918575493581,21.62774665719077,-84.73342221427203,8.049876972837206,45.769235313562305,24,7,0.2312760895583629,78,632120,73,1,0.0013536597950539768,23,2.6624954848402114,healthy,cleanroom_A,0
2026-01-01 01:15:00,2026-01-01,cell_pha_002,URLLC,0.28323641333029104,0.2592865205458158,21.77510523382057,-88.40338931158838,8.97935717024226,46.62690170712952,20,7,0.23434909702383366,78,632120,89,0,0.0034870957778348893,16,1.7232388539667431,healthy,cleanroom_B,0
2026-01-01 01:20:00,2026-01-01,cell_pha_001,URLLC,0.26584671899084994,0.23378157315149836,17.067875876040826,-84.9470695606681,7.740264823302272,48.16306075617115,24,7,0.23258012557497257,78,632120,73,0,0.004690685448321384,20,2.033617058053817,healthy,cleanroom_A,0
2026-01-01 01:20:00,2026-01-01,cell_pha_002,URLLC,0.29563501767196343,0.21202483624253862,20.824634170500904,-86.1763132509922,6.880062049324415,46.81877648332628,26,7,0.23420783136749307,78,632120,89,0,0.003550971465421354,14,2.8383880483284787,healthy,cleanroom_B,0
2026-01-01 01:25:00,2026-01-01,cell_pha_001,URLLC,0.3126765249013238,0.25983058396803077,19.488139120340907,-86.10370690208921,5.7631353827728535,48.593370245825554,28,7,0.19827899617936257,78,632120,73,0,0.002304338899612058,16,3.12971694986387,healthy,cleanroom_A,0
2026-01-01 01:25:00,2026-01-01,cell_pha_002,URLLC,0.23853455453868883,0.23178482404779757,20.79430202325432,-87.5608159087363,6.360291107871156,53.16230949349795,25,7,0.2142591269937561,78,632120,89,1,0.0017796653656658693,23,2.575991655962785,healthy,cleanroom_B,0
2026-01-01 01:30:00,2026-01-01,cell_pha_001,URLLC,0.2898598600684745,0.2308576556178653,20.3334685288339,-84.01900751670775,7.046269833138512,47.432266977190785,22,7,0.21435998716944285,78,632120,73,0,0.0013256189717757755,24,2.4428583616562225,healthy,cleanroom_A,0
2026-01-01 01:30:00,2026-01-01,cell_pha_002,URLLC,0.3423094158716126,0.22208143405398337,20.238531072855555,-85.75971411002439,8.200214711204163,53.8530376803789,27,7,0.21928321290224942,78,632120,89,0,0.004958442782956176,21,2.7044312348983275,healthy,cleanroom_B,0
2026-01-01 01:35:00,2026-01-01,cell_pha_001,URLLC,0.26623974145182006,0.21120425240053714,17.32241987681045,-83.09415325635572,7.663069081353621,44.64784766103118,27,7,0.22507613540349725,78,632120,73,0,0.0019165779851264856,21,1.9902162533455157,healthy,cleanroom_A,0
2026-01-01 01:35:00,2026-01-01,cell_pha_002,URLLC,0.2457418532157279,0.22019017187086806,19.40288981933918,-82.10348941010625,7.244278646705267,51.191554598203076,24,7,0.2182142584123608,78,632120,89,0,0.004463314123538455,20,3.094585558487697,healthy,cleanroom_B,0
2026-01-01 01:40:00,2026-01-01,cell_pha_001,URLLC,0.2999675570894029,0.2525586101333773,20.316361630749064,-85.45020288914415,7.426918430591782,45.4453884324427,23,7,0.23628732104926967,78,632120,73,0,0.003573981047089489,18,2.41025880163729,healthy,cleanroom_A,0
2026-01-01 01:40:00,2026-01-01,cell_pha_002,URLLC,0.3068555494591506,0.19841559300145628,18.005927003727354,-88.25375518406135,6.18468240771608,52.091586689441726,15,7,0.242673181591706,78,632120,89,2,0.0031609815797033845,17,1.804594002438001,healthy,cleanroom_B,0
2026-01-01 01:45:00,2026-01-01,cell_pha_001,URLLC,0.2903393567870816,0.24004978054323992,19.686679217814742,-87.03255842334615,6.3973291529038905,50.37241836507024,26,7,0.2344964437710055,78,632120,73,1,0.0032566915932559113,16,2.8647387365078694,healthy,cleanroom_A,0
2026-01-01 01:45:00,2026-01-01,cell_pha_002,URLLC,0.28774686469968086,0.2669415406500971,21.536054691524853,-86.54265571616625,7.356059209313458,48.394457450416354,21,7,0.2501691180537642,78,632120,89,1,0.007509553480166393,13,2.593732144053908,healthy,cleanroom_B,0
2026-01-01 01:50:00,2026-01-01,cell_pha_001,URLLC,0.2552131160090815,0.22742997703326828,18.836121069875,-86.26883993817464,7.136193411000914,42.94059554629769,23,7,0.23789114291438684,78,632120,73,0,0.006869531651833909,20,1.6328698475497643,healthy,cleanroom_A,0
2026-01-01 01:50:00,2026-01-01,cell_pha_002,URLLC,0.3410521990819321,0.2173871748684247,20.44784013130152,-86.46062482750186,8.008128081962669,48.88925400242598,21,7,0.20826301791169072,78,632120,89,1,0.00565666492596371,16,3.0225189688280505,healthy,cleanroom_B,0
2026-01-01 01:55:00,2026-01-01,cell_pha_001,URLLC,0.2752105507773395,0.20041251566005863,20.850221476823954,-85.17735811875531,7.770673256615067,50.218238016902845,24,7,0.22543608646359606,78,632120,73,0,0.004127855146380405,19,2.4622323612851433,healthy,cleanroom_A,0
2026-01-01 01:55:00,2026-01-01,cell_pha_002,URLLC,0.27242447997091107,0.2309036301351722,21.373423320014606,-89.61488294869982,6.906880316125239,51.7438499551783,20,7,0.2314249779506722,78,632120,89,0,0.004474608482093608,15,2.117588757371105,healthy,cleanroom_B,0
2026-01-01 02:00:00,2026-01-01,cell_pha_001,URLLC,0.24332877062380293,0.22747108366920826,20.04253804197192,-83.26805172378033,8.958107571523596,52.833348445498864,19,7,0.23985913668735187,78,632120,73,0,0.001058463201426745,18,2.4412682979574036,healthy,cleanroom_A,0
2026-01-01 02:00:00,2026-01-01,cell_pha_002,URLLC,0.3182334165082372,0.2011723739068924,20.378492483480976,-86.95492292465336,8.128820901427552,46.26738333793305,25,7,0.2176294085686026,78,632120,89,1,0.004604149299552095,13,1.9725189701789358,healthy,cleanroom_B,0
2026-01-01 02:05:00,2026-01-01,cell_pha_001,URLLC,0.24152096049218438,0.241414604094472,20.285586577051678,-85.63753321748487,6.859317697161255,45.58020328707788,22,7,0.2369762865853752,78,632120,73,0,0.004588190278970659,18,2.16313278230047,healthy,cleanroom_A,0
2026-01-01 02:05:00,2026-01-01,cell_pha_002,URLLC,0.32087927919410025,0.188782418424627,19.10985718340233,-89.61917049639423,7.771572746708355,46.76508503335137,28,7,0.2278696047981435,78,632120,89,1,0.0024508351646784663,12,3.110568146699965,healthy,cleanroom_B,0
2026-01-01 02:10:00,2026-01-01,cell_pha_001,URLLC,0.23516783140542083,0.24097590195084664,20.43547337097177,-82.92097252708116,7.406310601778198,49.57352212585826,24,7,0.22199462176180634,78,632120,73,0,0.0035251903974443575,19,2.3333059790390758,healthy,cleanroom_A,0
2026-01-01 02:10:00,2026-01-01,cell_pha_002,URLLC,0.3300366283335856,0.18688777906653978,21.957390015547254,-85.11911124979581,6.395196542811614,47.477481798585124,24,7,0.23865795513876742,78,632120,89,0,0.004410976757443255,20,2.694768025268595,healthy,cleanroom_B,0
2026-01-01 02:15:00,2026-01-01,cell_pha_001,URLLC,0.2775523669094464,0.16883043351953447,18.647092286248984,-88.42348750898101,7.403345806999379,46.97297718400835,25,7,0.2497003390629688,78,632120,73,0,0.0,9,2.8962185867612766,healthy,cleanroom_A,0
2026-01-01 02:15:00,2026-01-01,cell_pha_002,URLLC,0.3514780684805222,0.23260565796174812,20.732969475577207,-85.41844528810698,7.820658828691967,49.04805186768129,23,7,0.24200219265894643,78,632120,89,0,0.0022153129399087902,22,2.246584894470879,healthy,cleanroom_B,0
2026-01-01 02:20:00,2026-01-01,cell_pha_001,URLLC,0.266234785205521,0.20725678816620727,20.668962065414785,-85.5288841641953,7.288407290287234,52.495123320890194,23,7,0.2506977168208402,78,632120,73,0,0.0029114813176400944,10,2.68044841454401,healthy,cleanroom_A,0
2026-01-01 02:20:00,2026-01-01,cell_pha_002,URLLC,0.3133889767498079,0.21264818046427894,18.621812660984887,-87.54622058040673,7.105641899560322,47.39668603644351,23,7,0.21328597582216255,78,632120,89,0,0.0,16,2.4381807778155977,healthy,cleanroom_B,0
2026-01-01 02:25:00,2026-01-01,cell_pha_001,URLLC,0.2489476565787808,0.21963746047635196,19.693623849845643,-86.31603502154474,8.067650938158623,50.1049909442687,20,7,0.21206798542274727,78,632120,73,0,0.0034461597106729986,22,3.258742345354737,healthy,cleanroom_A,0
2026-01-01 02:25:00,2026-01-01,cell_pha_002,URLLC,0.252313406743142,0.26383536600160984,16.973114585553695,-85.57611952562105,6.961070469513536,43.51008393029002,26,7,0.22214119045340974,78,632120,89,0,0.0037595526576916696,15,3.4990094286746514,healthy,cleanroom_B,0
2026-01-01 02:30:00,2026-01-01,cell_pha_001,URLLC,0.3033330216725478,0.2442102484583341,20.03377247174555,-88.42980799158765,7.740792031654813,48.47435725471533,17,7,0.23681064690100878,78,632120,73,0,0.005371847047160316,24,2.856164504535774,healthy,cleanroom_A,0
2026-01-01 02:30:00,2026-01-01,cell_pha_002,URLLC,0.2688484991024292,0.19320608135245412,21.857113426921178,-85.98282306249402,6.39811521541806,49.54889271630435,23,7,0.21037878564875995,78,632120,89,0,0.004247587052518003,28,3.4154191131752647,healthy,cleanroom_B,0
2026-01-01 02:35:00,2026-01-01,cell_pha_001,URLLC,0.31748995801131336,0.23906113428583833,20.457551691397484,-84.8899786455435,8.518567411822133,49.32763687261216,25,7,0.261174697903965,78,632120,73,0,0.001697874005477181,12,3.3925096621486395,healthy,cleanroom_A,0
2026-01-01 02:35:00,2026-01-01,cell_pha_002,URLLC,0.28765640250567626,0.2605187536285797,21.764794409062844,-85.98192022909726,7.333998962138946,52.07766180088684,24,7,0.2305468460600567,78,632120,89,0,0.0008003976058999487,21,3.8059083096504116,healthy,cleanroom_B,0
2026-01-01 02:40:00,2026-01-01,cell_pha_001,URLLC,0.280343363172744,0.2274636192940325,21.83707339997357,-85.9336814328437,6.834810184882542,50.68263998554023,23,7,0.23042028004497284,78,632120,73,0,0.003872007220458508,19,2.9401352180715956,healthy,cleanroom_A,0
2026-01-01 02:40:00,2026-01-01,cell_pha_002,URLLC,0.30987104157699774,0.2517767121668896,17.535950986358305,-84.46124473567214,6.871445789420465,47.63194608751462,24,7,0.2159035647135881,78,632120,89,0,0.005278054536368837,15,3.1756323299666174,healthy,cleanroom_B,0
2026-01-01 02:45:00,2026-01-01,cell_pha_001,URLLC,0.27042680208967307,0.22651693584431573,19.511325612162594,-86.30312486808411,8.035496024055613,44.26738236341739,22,7,0.23582788828550644,78,632120,73,0,0.0072183277790126635,17,3.544989825171042,healthy,cleanroom_A,0
2026-01-01 02:45:00,2026-01-01,cell_pha_002,URLLC,0.2655627662840377,0.26313330819749386,19.99784482742255,-87.74311926910143,7.988016984012408,44.58171299672527,17,7,0.21831981049294327,78,632120,89,0,0.0029950185496769883,20,3.117052194489176,healthy,cleanroom_B,0
2026-01-01 02:50:00,2026-01-01,cell_pha_001,URLLC,0.24616657705324863,0.20860580464630316,20.13512064931699,-87.12933787584294,7.711005734535749,52.68431460541072,21,7,0.23047317767125525,78,632120,73,0,0.0070354745723212545,25,1.6735827834485308,healthy,cleanroom_A,0
2026-01-01 02:50:00,2026-01-01,cell_pha_002,URLLC,0.28393173478138434,0.23096423417928505,21.764429232041298,-81.2317194809487,7.5581758758052295,47.72010405103953,26,7,0.262989626825442,78,632120,89,0,0.008762650535161176,23,3.0277882384923123,healthy,cleanroom_B,0
2026-01-01 02:55:00,2026-01-01,cell_pha_001,URLLC,0.2900974937981631,0.23274897692308447,19.984291097414165,-88.90545039905813,7.47384153863582,48.04195566559588,25,7,0.2236953476658152,78,632120,73,0,0.006271503399730278,14,3.0405427938855762,healthy,cleanroom_A,0
2026-01-01 02:55:00,2026-01-01,cell_pha_002,URLLC,0.26245377595201,0.2186023818898198,18.03938980035491,-85.58170357302915,7.8754533689867845,46.77916875368232,20,7,0.22915693094387707,78,632120,89,1,0.002266234588569298,12,3.440515928833987,healthy,cleanroom_B,0
2026-01-01 03:00:00,2026-01-01,cell_pha_001,URLLC,0.30842948829544903,0.18666685297247326,19.60642105216374,-87.75795738935119,7.831376494949482,48.67667951853054,20,7,0.19524535407285346,78,632120,73,0,0.003447581705534115,24,2.9882899432126835,healthy,cleanroom_A,0
2026-01-01 03:00:00,2026-01-01,cell_pha_002,URLLC,0.2811574336894275,0.2106476100753266,18.970725335005742,-84.42599058418489,6.088810109088242,46.77483411823582,21,7,0.22273589011168882,78,632120,89,0,0.0,21,2.6234816386019943,healthy,cleanroom_B,0
2026-01-01 03:05:00,2026-01-01,cell_pha_001,URLLC,0.34180894511572235,0.21323705652315703,21.535931328579114,-87.91552466745534,8.136117527057335,46.13337766411585,24,7,0.20315010940799652,78,632120,73,1,0.004256382959315667,21,2.9812787550409166,healthy,cleanroom_A,0
2026-01-01 03:05:00,2026-01-01,cell_pha_002,URLLC,0.32090286136257096,0.16357604716077828,21.35356210787595,-86.4768598229427,7.427815943155353,49.58824022137717,21,7,0.24079214426236892,78,632120,89,1,0.006468512862616002,19,3.633753879010567,healthy,cleanroom_B,0
2026-01-01 03:10:00,2026-01-01,cell_pha_001,URLLC,0.29344972197919483,0.2549592260664153,19.7108559455482,-83.528909003595,7.767862809172402,48.018050041308214,24,7,0.2649624811770062,78,632120,73,0,0.005034480792975535,15,2.9538653350378823,healthy,cleanroom_A,0
2026-01-01 03:10:00,2026-01-01,cell_pha_002,URLLC,0.3160091877477797,0.22868077470871334,20.683672751481545,-86.53354747335655,8.54486929208518,49.47230012698146,25,7,0.22950155196985217,78,632120,89,1,0.006164921596042884,5,3.175804866397525,healthy,cleanroom_B,0
2026-01-01 03:15:00,2026-01-01,cell_pha_001,URLLC,0.2654790960528197,0.2872876093720895,18.755477549745272,-86.00287977976451,8.22623802065869,52.11162296584239,25,7,0.2003526586667025,78,632120,73,0,0.005193823343166988,20,2.5037856099300346,healthy,cleanroom_A,0
2026-01-01 03:15:00,2026-01-01,cell_pha_002,URLLC,0.30773073271562307,0.22103835622555768,19.30300151439101,-86.42419362372135,7.833190783813997,45.77342371800769,23,7,0.21333280834756557,78,632120,89,0,0.003910973159524773,22,2.4026291738992174,healthy,cleanroom_B,0
2026-01-01 03:20:00,2026-01-01,cell_pha_001,URLLC,0.29390109418098065,0.1740785422822988,17.89978948888375,-85.65577742680459,7.204221990498444,49.331438128149316,26,7,0.2136718465506178,78,632120,73,1,0.006761698038506325,14,2.893831563897635,healthy,cleanroom_A,0
2026-01-01 03:20:00,2026-01-01,cell_pha_002,URLLC,0.3194442361451772,0.2167079745510945,21.375129412809077,-85.47091975546049,7.721499501704021,53.38311016380108,26,7,0.23762538945659817,78,632120,89,0,0.002793024603188388,20,3.5352778047098634,healthy,cleanroom_B,0
2026-01-01 03:25:00,2026-01-01,cell_pha_001,URLLC,0.2902062993060502,0.2401023772660657,20.35069245328049,-86.56226219434642,7.915168814448514,48.00897987359987,26,7,0.2467858897071046,78,632120,73,0,0.0021767826590658465,15,2.907763467082071,healthy,cleanroom_A,0
2026-01-01 03:25:00,2026-01-01,cell_pha_002,URLLC,0.2717844848336129,0.2098950409707822,18.364745807186015,-85.07044705177628,7.606145346036826,48.1565199559726,25,7,0.25791981957468574,78,632120,89,1,0.0,22,2.592478145206849,healthy,cleanroom_B,0
2026-01-01 03:30:00,2026-01-01,cell_pha_001,URLLC,0.31562903178163365,0.22608325144757102,19.574440433330786,-86.75054161609535,7.7248932234148775,51.13659682436904,25,7,0.19430683984800604,78,632120,73,0,0.0,19,3.1480299633988977,healthy,cleanroom_A,0
2026-01-01 03:30:00,2026-01-01,cell_pha_002,URLLC,0.3009569903611452,0.22305777662117973,18.43424981944301,-87.14348518704148,7.589560057807404,50.9216823846522,21,7,0.25000045370529383,78,632120,89,2,0.006014196598106252,21,3.468700684346151,healthy,cleanroom_B,0
2026-01-01 03:35:00,2026-01-01,cell_pha_001,URLLC,0.2844952724196184,0.2323351575404789,17.91722121337556,-85.8224781299177,7.86048532422614,52.4160436994704,25,7,0.21019006714685562,78,632120,73,0,0.004274119386435022,25,4.367565072529459,healthy,cleanroom_A,0
2026-01-01 03:35:00,2026-01-01,cell_pha_002,URLLC,0.323353778707796,0.21767931460537437,18.283644937251736,-86.29532854805586,8.795897533858808,49.36507116104256,20,7,0.22432518607062168,78,632120,89,0,0.002389082199467443,13,3.1148740767993566,healthy,cleanroom_B,0
2026-01-01 03:40:00,2026-01-01,cell_pha_001,URLLC,0.28731257441204944,0.21546257059760873,18.856097897914918,-85.35110832241077,8.185416898943062,52.30590046993632,24,7,0.21640152957239445,78,632120,73,1,0.007297532994353491,14,4.564605430614751,healthy,cleanroom_A,0
2026-01-01 03:40:00,2026-01-01,cell_pha_002,URLLC,0.28541091829079196,0.200318351900771,19.570206752067783,-84.16056056652657,8.483938084963526,50.38479675874688,28,7,0.20504807968793587,78,632120,89,0,0.0033082497747857166,23,2.861955550171917,healthy,cleanroom_B,0
2026-01-01 03:45:00,2026-01-01,cell_pha_001,URLLC,0.3010216947057876,0.17932558086620337,20.173592688015805,-87.19189918268758,8.84106952148316,44.70798697635887,27,7,0.2554802799426486,78,632120,73,0,0.0055352479427815595,25,3.4741735235374414,healthy,cleanroom_A,0
2026-01-01 03:45:00,2026-01-01,cell_pha_002,URLLC,0.26916188724989665,0.23056103415408774,19.644786459608014,-87.4829407241519,7.243425811106263,51.401041436270106,25,7,0.22823486109362873,78,632120,89,0,0.003398907007324143,17,3.226015648620287,healthy,cleanroom_B,0
2026-01-01 03:50:00,2026-01-01,cell_pha_001,URLLC,0.21707647127169577,0.19317377944061567,19.421864797230544,-86.39461013668453,7.944410310772679,47.268311669467984,21,7,0.22917173814751932,78,632120,73,0,0.0033246121766572594,19,4.075670621133842,healthy,cleanroom_A,0
2026-01-01 03:50:00,2026-01-01,cell_pha_002,URLLC,0.21041167819746348,0.15995362766683963,19.54455550194575,-86.81475624658417,8.116526577168592,53.15638500914958,24,7,0.2566086631543952,78,632120,89,0,0.004093069591053941,21,3.1456017761437494,healthy,cleanroom_B,0
2026-01-01 03:55:00,2026-01-01,cell_pha_001,URLLC,0.26315550919651354,0.24093450517000015,20.68518908698421,-85.83408031613199,8.8099972519359,48.81793579029639,24,7,0.22679190690148307,78,632120,73,2,0.006575488507881828,15,3.297028915635783,healthy,cleanroom_A,0
2026-01-01 03:55:00,2026-01-01,cell_pha_002,URLLC,0.33405225843241443,0.20764751746946053,18.496989985771716,-86.5453749354602,7.9184409478304465,55.372272276227676,20,7,0.22716964167709483,78,632120,89,0,0.0002316858805673813,19,2.712420983844587,healthy,cleanroom_B,0
2026-01-01 04:00:00,2026-01-01,cell_pha_001,URLLC,0.29252415876226046,0.18038533047528887,19.698352514363396,-84.71797140479666,8.060604627836595,49.098628793351814,21,7,0.21603866430160756,78,632120,73,0,0.0,19,2.839012770844871,healthy,cleanroom_A,0
2026-01-01 04:00:00,2026-01-01,cell_pha_002,URLLC,0.3102253231295968,0.21230037650800743,19.350814523066695,-84.87481728179458,7.898661606793169,52.59533667180316,29,7,0.20922502501659695,78,632120,89,0,0.004913409355159419,15,3.5264826902372994,healthy,cleanroom_B,0
2026-01-01 04:05:00,2026-01-01,cell_pha_001,URLLC,0.27692809880166713,0.20048309138783224,18.926567043161146,-87.01131869258677,9.182776484047029,49.26068012842376,21,7,0.21761407066583796,78,632120,73,0,0.001354297372905907,29,2.5737294333541603,healthy,cleanroom_A,0
2026-01-01 04:05:00,2026-01-01,cell_pha_002,URLLC,0.23865972169456404,0.16568143960058818,18.653735222355575,-89.37467566692742,8.76406467141665,40.044874995242395,20,7,0.23964686594800666,78,632120,89,1,0.0027773063297026907,25,3.1420216614069756,healthy,cleanroom_B,0
2026-01-01 04:10:00,2026-01-01,cell_pha_001,URLLC,0.296786211118485,0.236985632757245,20.374457080889215,-86.82432893169512,8.71445784466728,46.270058123298924,20,7,0.2419810197175491,78,632120,73,0,0.001747757511738562,20,3.5119754770963354,healthy,cleanroom_A,0
2026-01-01 04:10:00,2026-01-01,cell_pha_002,URLLC,0.31830942496594133,0.18996125701730368,20.24182885759836,-83.47462068569297,7.611898585346128,52.655640360367464,22,7,0.240469510971541,78,632120,89,0,0.004066463353315247,20,3.535268518069243,healthy,cleanroom_B,0
2026-01-01 04:15:00,2026-01-01,cell_pha_001,URLLC,0.25609267032109934,0.22905912227557815,20.650759083011327,-87.08808728301196,6.924612198157547,52.550377971417745,22,7,0.2274563111877746,78,632120,73,0,0.0035710887244591294,19,2.4853083823471955,healthy,cleanroom_A,0
2026-01-01 04:15:00,2026-01-01,cell_pha_002,URLLC,0.27851323487345253,0.21653503362103196,20.444933611693077,-87.25408567226869,7.852437264907955,46.65852702801016,25,7,0.2661886647547582,78,632120,89,0,0.006498340831186223,22,3.313706706478891,healthy,cleanroom_B,0
2026-01-01 04:20:00,2026-01-01,cell_pha_001,URLLC,0.26200751652643406,0.2686021092740815,18.731679172890146,-85.45445277448556,9.227874694198745,48.07006594834367,23,7,0.2628320484371843,78,632120,73,0,0.0030626382753771615,11,3.466526159217089,healthy,cleanroom_A,0
2026-01-01 04:20:00,2026-01-01,cell_pha_002,URLLC,0.3401052823120403,0.2447259885938759,17.888324676017742,-85.74544018228578,8.770420391987175,47.930298867448904,22,7,0.19891281995909144,78,632120,89,0,0.0041511711202934206,11,3.40522315013038,healthy,cleanroom_B,0
2026-01-01 04:25:00,2026-01-01,cell_pha_001,URLLC,0.281604448804657,0.15746793535034576,18.08104244131989,-85.0785943424644,8.828504842603964,45.10394641557371,26,7,0.24009586090991422,78,632120,73,0,6.095168207346201e-05,10,2.964291553846592,healthy,cleanroom_A,0
2026-01-01 04:25:00,2026-01-01,cell_pha_002,URLLC,0.2597465814356962,0.23211862062206834,18.05399906583929,-85.15180937124636,9.099698020538554,50.41371090475451,29,7,0.21752279806529032,78,632120,89,0,0.0,21,3.1212382939032404,healthy,cleanroom_B,0
2026-01-01 04:30:00,2026-01-01,cell_pha_001,URLLC,0.28686310086786815,0.24902398818775032,19.433302646180948,-85.56059926475406,9.09328949430562,43.311346963980455,19,7,0.20901900137570617,78,632120,73,0,0.0020987278798215887,22,3.0296229179561274,healthy,cleanroom_A,0
2026-01-01 04:30:00,2026-01-01,cell_pha_002,URLLC,0.2940565833551861,0.23973664031299538,19.954365898552105,-81.93388170917251,7.5076637903276,53.578484422869934,23,7,0.20194620221261367,78,632120,89,0,0.0061913590102038,21,3.4450477170986433,healthy,cleanroom_B,0
2026-01-01 04:35:00,2026-01-01,cell_pha_001,URLLC,0.307477909068388,0.21672564545315998,19.842212164465625,-86.37932216947675,7.914632558970988,45.80314385579377,25,7,0.2439435051956668,78,632120,73,1,0.0014190074511128813,22,4.479922211045039,healthy,cleanroom_A,0
2026-01-01 04:35:00,2026-01-01,cell_pha_002,URLLC,0.2686658040172519,0.247489343232237,18.957592031985868,-88.59981365481347,8.609657696871452,47.23811196585666,26,7,0.2704748532058382,78,632120,89,0,0.0030594697405413387,21,3.0714473597858793,healthy,cleanroom_B,0
2026-01-01 04:40:00,2026-01-01,cell_pha_001,URLLC,0.2921456526290713,0.17184186258602296,17.622294269047753,-86.03644607565623,9.236708413461272,50.48736321319816,25,7,0.21604755094971778,78,632120,73,0,0.007114087400429682,20,3.8197952628750365,healthy,cleanroom_A,0
2026-01-01 04:40:00,2026-01-01,cell_pha_002,URLLC,0.22743704281819088,0.22282549174696936,19.059073734194783,-84.12686334138424,9.338194641243833,47.506046917368145,20,7,0.24157549883658616,78,632120,89,0,0.0070650847747767,16,1.9064725231086281,healthy,cleanroom_B,0
2026-01-01 04:45:00,2026-01-01,cell_pha_001,URLLC,0.298079573389195,0.21452500472049216,17.184538260726814,-85.13668023500016,9.364175543919025,53.58695268418464,19,7,0.22453058357376582,78,632120,73,0,0.0026436054497204374,18,3.5861062445053125,healthy,cleanroom_A,0
2026-01-01 04:45:00,2026-01-01,cell_pha_002,URLLC,0.2797361593154329,0.23539599433231542,19.737088220125067,-86.62827311588755,7.985841069524161,49.95524442420912,30,7,0.2329517487291282,78,632120,89,2,0.0025483714931360383,16,3.7023353058142043,healthy,cleanroom_B,0
2026-01-01 04:50:00,2026-01-01,cell_pha_001,URLLC,0.29171591788958556,0.26203558825101686,19.15932861013759,-85.72802867320787,9.050176531395056,47.37177351888118,21,7,0.2770435916566742,78,632120,73,0,0.006427847517057279,23,3.3840110935129384,healthy,cleanroom_A,0
2026-01-01 04:50:00,2026-01-01,cell_pha_002,URLLC,0.2871084583463785,0.2174965365032022,18.378167883231065,-86.65998155679456,8.875182567900822,43.09361025462643,15,7,0.2487005381787268,78,632120,89,0,0.00332267967460548,24,2.9055054164347105,healthy,cleanroom_B,0
2026-01-01 04:55:00,2026-01-01,cell_pha_001,URLLC,0.34977339375645056,0.2654932030176821,19.23716680793439,-86.45984843193058,8.629080841026456,48.87012118945061,22,7,0.22524506533219696,78,632120,73,0,0.0005232864250618594,22,4.104352741179615,healthy,cleanroom_A,0
2026-01-01 04:55:00,2026-01-01,cell_pha_002,URLLC,0.33355955182674185,0.2307195826813188,22.169506911644785,-84.55555914012582,8.099995765164238,48.27222769125652,21,7,0.23531429891681765,78,632120,89,0,0.007667953126772606,21,3.327895054111081,healthy,cleanroom_B,0
2026-01-01 05:00:00,2026-01-01,cell_pha_001,URLLC,0.28328456078341263,0.25375131765124076,17.68743631737651,-86.02012368038721,8.428179551400325,42.69713366118186,17,7,0.2552939583643757,78,632120,73,1,0.0007840166622907572,28,2.7198708168553365,healthy,cleanroom_A,0
2026-01-01 05:00:00,2026-01-01,cell_pha_002,URLLC,0.28989830615971796,0.2433282859083561,20.075975688219707,-87.21422947833915,8.126525678180563,48.34375331107164,26,7,0.21127151756744797,78,632120,89,0,0.008264631701361411,21,3.624989170673274,healthy,cleanroom_B,0
2026-01-01 05:05:00,2026-01-01,cell_pha_001,URLLC,0.2468803409388502,0.22968392392279743,18.10395840776591,-87.72512824122855,7.991928171598858,46.939155775159065,26,7,0.24100900400582057,78,632120,73,0,0.003943286811685883,17,3.1037299236672236,healthy,cleanroom_A,0
2026-01-01 05:05:00,2026-01-01,cell_pha_002,URLLC,0.2787059923107728,0.2799254253341429,19.988463329283668,-85.80148024039599,9.35093604354572,41.678422958010934,24,7,0.22654880531879346,78,632120,89,0,0.00482572486404148,23,3.309133098727803,healthy,cleanroom_B,0
2026-01-01 05:10:00,2026-01-01,cell_pha_001,URLLC,0.2219640779286065,0.18195958249468008,20.954430314663895,-90.12451402944586,7.269038129412948,47.05447683034433,23,7,0.20212893286131586,78,632120,73,1,0.004525728227715366,24,3.0725617190512455,healthy,cleanroom_A,0
2026-01-01 05:10:00,2026-01-01,cell_pha_002,URLLC,0.3094443924792435,0.1850551571061688,20.04643227421029,-82.98686692072229,8.327394770317389,48.928174710470834,21,7,0.2596566903906338,78,632120,89,0,0.0,13,3.738640790246129,healthy,cleanroom_B,0
2026-01-01 05:15:00,2026-01-01,cell_pha_001,URLLC,0.3209155097479807,0.212900235260443,19.654346466463096,-88.6711071613452,9.531458052707736,47.68512553199948,21,7,0.22163023562913908,78,632120,73,0,0.003347750442497875,21,3.8649613025663987,healthy,cleanroom_A,0
2026-01-01 05:15:00,2026-01-01,cell_pha_002,URLLC,0.2581416854422142,0.2431459977928576,17.71890369367814,-84.78631803351463,7.9629602364142595,46.114886675641564,23,7,0.21016795149576212,78,632120,89,1,0.0025456966269943836,16,3.262265202942887,healthy,cleanroom_B,0
2026-01-01 05:20:00,2026-01-01,cell_pha_001,URLLC,0.23238705097605278,0.220753861336481,19.55447147087545,-86.3299036928995,7.835178487085332,50.189147021351125,25,7,0.21802368918765272,78,632120,73,0,0.0024129670900713586,14,2.8782631001038643,healthy,cleanroom_A,0
2026-01-01 05:20:00,2026-01-01,cell_pha_002,URLLC,0.27540922371381366,0.23650607488079323,19.774871895761894,-87.0546036213467,8.513929836242815,51.56886601586293,23,7,0.2159436592872377,78,632120,89,0,0.006571952299363774,10,2.3529063144784983,healthy,cleanroom_B,0
2026-01-01 05:25:00,2026-01-01,cell_pha_001,URLLC,0.25811268417593064,0.23133912993984096,17.658036356299352,-85.32119237153061,7.8271702172595585,47.47848689971615,24,7,0.25592811775538826,78,632120,73,1,0.002861180387491424,15,2.7817788733649036,healthy,cleanroom_A,0
2026-01-01 05:25:00,2026-01-01,cell_pha_002,URLLC,0.29524237315597196,0.22585789094439318,18.975173470012958,-86.32652704015199,9.30954954103038,52.074363287601784,22,7,0.2379695057416808,78,632120,89,0,0.007161349523345091,18,2.7641181753277135,healthy,cleanroom_B,0
2026-01-01 05:30:00,2026-01-01,cell_pha_001,URLLC,0.2897203757256994,0.19719429734143284,22.837093578098504,-85.13389613372112,8.595019094280525,42.66904008202177,24,7,0.2384835848212,78,632120,73,0,0.002304821178766252,24,3.7560646869407193,healthy,cleanroom_A,0
2026-01-01 05:30:00,2026-01-01,cell_pha_002,URLLC,0.24340372765475438,0.19507690355183993,19.790074582270808,-85.78109255878285,9.332436601889924,51.23353006723555,23,7,0.24271358011982724,78,632120,89,0,0.0,24,4.285226148958012,healthy,cleanroom_B,0
2026-01-01 05:35:00,2026-01-01,cell_pha_001,URLLC,0.20757676446906892,0.2394518203371614,17.56466171873813,-88.23815875320949,9.245006683535449,49.509146005130596,24,7,0.2077677009912154,78,632120,73,0,0.0040207047748948175,24,3.403109069437726,healthy,cleanroom_A,0
2026-01-01 05:35:00,2026-01-01,cell_pha_002,URLLC,0.27290660740106465,0.1729846872824366,19.97355636301707,-85.41728869872269,8.077436340531367,46.843110055430515,18,7,0.23632587362441662,78,632120,89,0,0.0027334932600719926,20,4.141441384377332,healthy,cleanroom_B,0
2026-01-01 05:40:00,2026-01-01,cell_pha_001,URLLC,0.28671902285120343,0.2200599806924526,20.749667568349697,-85.57706619890877,7.816571779059652,45.9113638452603,21,7,0.2827984657256639,78,632120,73,0,0.003743344772398418,13,4.4191438504615315,healthy,cleanroom_A,0
2026-01-01 05:40:00,2026-01-01,cell_pha_002,URLLC,0.2582195470689707,0.21158198659485808,20.506238235421755,-88.25100410417276,8.901681138061948,49.09357511397841,20,7,0.24226555546695883,78,632120,89,0,0.00343145146839029,24,2.7124745547076063,healthy,cleanroom_B,0
2026-01-01 05:45:00,2026-01-01,cell_pha_001,URLLC,0.26395565985344327,0.17282415249992678,19.140325397427436,-88.07292354704545,9.058149561530131,50.61916980027823,22,7,0.22861393896402543,78,632120,73,0,0.0026542094928460507,21,3.6589737804259377,healthy,cleanroom_A,0
2026-01-01 05:45:00,2026-01-01,cell_pha_002,URLLC,0.28424258420021636,0.1502388587537714,17.956456371793195,-85.64476082481796,10.2722245850185,46.51979597885197,29,7,0.2317411730325546,78,632120,89,0,0.0,21,3.636816589354901,healthy,cleanroom_B,0
2026-01-01 05:50:00,2026-01-01,cell_pha_001,URLLC,0.2496194844583552,0.2237979013083308,20.06918886327397,-86.87552053520928,8.518565883314436,47.66049477081331,22,7,0.25886525714292385,78,632120,73,0,0.002547599528671292,14,2.4121317981391237,healthy,cleanroom_A,0
2026-01-01 05:50:00,2026-01-01,cell_pha_002,URLLC,0.25178409353496356,0.2041218307990032,20.652825713970905,-85.89008702812146,7.65495301915045,48.29281197748632,24,7,0.25926834181599434,78,632120,89,1,0.0023432464791118407,19,4.511473097033289,healthy,cleanroom_B,0
2026-01-01 05:55:00,2026-01-01,cell_pha_001,URLLC,0.28334051288194334,0.20834100456799545,19.062533386152865,-83.783909502538,8.295109147154083,45.54073821368747,25,7,0.2147527160918131,78,632120,73,0,0.0062865601349671165,22,2.880832851224441,healthy,cleanroom_A,0
2026-01-01 05:55:00,2026-01-01,cell_pha_002,URLLC,0.26143160342225913,0.20030887319355672,20.361426979587545,-86.84845812253256,8.252769206702393,45.67646981545981,27,7,0.2267645999206162,78,632120,89,0,0.0047845475502678045,26,3.3191262901349328,healthy,cleanroom_B,0
2026-01-01 06:00:00,2026-01-01,cell_pha_001,URLLC,0.2482853537758518,0.1884433818130476,18.34687288670208,-86.21642656778039,7.958498077647362,46.109752469232994,20,7,0.28181759567018655,78,632120,73,0,0.004176047818318223,16,2.9918998416782836,healthy,cleanroom_A,0
2026-01-01 06:00:00,2026-01-01,cell_pha_002,URLLC,0.2889074761220834,0.17959592353661302,21.327310109753167,-85.68399968341306,8.364030884324922,51.35850204240875,20,7,0.29157224146173505,78,632120,89,0,0.00418004410479263,23,2.9323294077669826,healthy,cleanroom_B,0
2026-01-01 06:05:00,2026-01-01,cell_pha_001,URLLC,0.23223960993275636,0.22904656920438712,20.725460430067788,-84.4767271752756,6.997870369060207,51.3275094344764,19,7,0.24300956935944593,78,632120,73,0,0.0015414600533524233,21,3.938880565799936,healthy,cleanroom_A,0
2026-01-01 06:05:00,2026-01-01,cell_pha_002,URLLC,0.266709635402756,0.21880881152959067,19.092313114542694,-85.33631809254544,7.406820034552492,46.309585723724794,23,7,0.23587790413942544,78,632120,89,0,0.0031857547248156782,20,3.431347284872488,healthy,cleanroom_B,0
2026-01-01 06:10:00,2026-01-01,cell_pha_001,URLLC,0.22078498390423112,0.2282141153597056,20.41288116911336,-86.01067528269277,9.060591255725187,42.141553409855256,24,7,0.20700684666722008,78,632120,73,0,0.003998592257192603,22,3.629846763298781,healthy,cleanroom_A,0
2026-01-01 06:10:00,2026-01-01,cell_pha_002,URLLC,0.2993367523595194,0.19361072717897482,20.183083449644556,-84.98930840949836,9.065454272432735,51.66518599865278,26,7,0.2583708325071735,78,632120,89,3,0.0033479288539885422,20,2.5561553061927986,healthy,cleanroom_B,0
2026-01-01 06:15:00,2026-01-01,cell_pha_001,URLLC,0.3243483680714818,0.1929792344886197,19.513501912615933,-86.88098114414566,9.040231399518692,47.22388229494281,24,7,0.22176310316307707,78,632120,73,0,0.005446654084537917,14,3.668981448165501,healthy,cleanroom_A,0
2026-01-01 06:15:00,2026-01-01,cell_pha_002,URLLC,0.2607537183765146,0.22693846068230095,18.7885398679785,-86.44900686162758,7.323590044585698,49.98413456967512,26,7,0.2182896585042221,78,632120,89,0,0.004081738063133177,17,3.065847091396728,healthy,cleanroom_B,0
2026-01-01 06:20:00,2026-01-01,cell_pha_001,URLLC,0.3223753920988302,0.25072296519523074,20.026741673405656,-85.5651717861224,9.50395371173768,44.74616813269129,24,7,0.23913093510545852,78,632120,73,0,0.004983442175635243,22,2.941518971124434,healthy,cleanroom_A,0
2026-01-01 06:20:00,2026-01-01,cell_pha_002,URLLC,0.24806581761621485,0.16514814065675493,18.500568712011166,-84.90525681647671,8.93823224278126,44.41690355782662,29,7,0.23549265961634955,78,632120,89,0,0.006179835916298628,13,3.359096728237205,healthy,cleanroom_B,0
2026-01-01 06:25:00,2026-01-01,cell_pha_001,URLLC,0.2480932081169585,0.22598905053734544,16.820528339034396,-88.34180438328332,9.792141111613157,48.80020850392992,25,7,0.2555057174213449,78,632120,73,0,0.0028579750481533403,16,3.705723715325025,healthy,cleanroom_A,0
2026-01-01 06:25:00,2026-01-01,cell_pha_002,URLLC,0.26650088854406057,0.18772792124064303,17.368776705182334,-86.83185860846066,7.28745053688168,49.35905626893651,27,7,0.22199372686794552,78,632120,89,1,0.0033339661648120575,22,3.364203032859198,healthy,cleanroom_B,0
2026-01-01 06:30:00,2026-01-01,cell_pha_001,URLLC,0.29529462123328354,0.23655576314593876,19.7425500031489,-90.3757398210456,8.842659070508923,45.65869963606664,27,7,0.2218535847850387,78,632120,73,0,0.0043683058262161765,17,3.4350817457506366,healthy,cleanroom_A,0
2026-01-01 06:30:00,2026-01-01,cell_pha_002,URLLC,0.31386973302886056,0.2183469370287313,20.45228689558474,-87.78859299566365,8.597899292323293,42.235486408354085,22,7,0.2612062646166396,78,632120,89,0,0.0003345350438261449,23,3.1231314691416645,healthy,cleanroom_B,0
2026-01-01 06:35:00,2026-01-01,cell_pha_001,URLLC,0.32812687314055045,0.21900115781449186,20.762211962151245,-87.74290160957013,7.6399205396201015,43.94970264562074,21,7,0.25622536724239775,78,632120,73,0,0.002991019703701665,14,3.253407168827861,healthy,cleanroom_A,0
2026-01-01 06:35:00,2026-01-01,cell_pha_002,URLLC,0.25272691334189934,0.19386351783922556,17.046572564298543,-82.99855534761477,7.983792447849043,45.74351739579744,24,7,0.24474855014181343,78,632120,89,0,0.0,12,3.495161764575913,healthy,cleanroom_B,0
2026-01-01 06:40:00,2026-01-01,cell_pha_001,URLLC,0.2624184508007333,0.22492961978145748,17.756764096918765,-86.96073510778314,9.017378507625725,47.140901592404475,23,7,0.23156199692786875,78,632120,73,0,0.0014386777177174842,17,4.154031421758993,healthy,cleanroom_A,0
2026-01-01 06:40:00,2026-01-01,cell_pha_002,URLLC,0.2707990813652219,0.22314070089664378,20.155852836623996,-83.45511997554372,9.033538529052866,47.292497268557455,19,7,0.25206502296628136,78,632120,89,0,0.003778465136867082,12,3.484770833269021,healthy,cleanroom_B,0
2026-01-01 06:45:00,2026-01-01,cell_pha_001,URLLC,0.2724381155378993,0.19642070176205934,18.51746063743631,-86.4348134232123,9.992557979326111,48.09314160146566,24,7,0.24753591684811524,78,632120,73,0,0.005221671311168268,16,3.800312539269896,healthy,cleanroom_A,0
2026-01-01 06:45:00,2026-01-01,cell_pha_002,URLLC,0.29176032812097275,0.22911512276912688,20.3482045912744,-86.1373100291273,9.163507518262227,48.26360291124218,22,7,0.21914061812334087,78,632120,89,1,0.0053633081549176505,17,3.8308302221182586,healthy,cleanroom_B,0
2026-01-01 06:50:00,2026-01-01,cell_pha_001,URLLC,0.31566352343061627,0.23877026714788463,19.066966509579,-87.89681298792188,9.089631424039837,44.66720671435284,29,7,0.2517288434887686,78,632120,73,0,0.00048802113097418153,19,4.291339127281869,healthy,cleanroom_A,0
2026-01-01 06:50:00,2026-01-01,cell_pha_002,URLLC,0.28044040419669136,0.19630040938397192,19.878220527168494,-85.8051052187509,9.024841782014082,49.42980890197194,23,7,0.2725406051678587,78,632120,89,1,0.00392979231223992,22,3.3998499419890056,healthy,cleanroom_B,0
2026-01-01 06:55:00,2026-01-01,cell_pha_001,URLLC,0.2680925847628663,0.22341244460458431,18.57783814901535,-84.89474520361992,9.08045403553955,49.97845264275569,22,7,0.19737434366240295,78,632120,73,0,0.0028047923556154385,16,4.399123303439955,healthy,cleanroom_A,0
2026-01-01 06:55:00,2026-01-01,cell_pha_002,URLLC,0.2501699467451464,0.2398132769964531,18.253872819227208,-85.25311559859593,9.582514472618165,43.862552245954234,24,7,0.24951100449938415,78,632120,89,0,0.0056500937294758375,23,4.703222438367705,healthy,cleanroom_B,0
2026-01-01 07:00:00,2026-01-01,cell_pha_001,URLLC,0.22569360036739555,0.20191841910909333,19.859729762789293,-87.63934286164812,9.77126470766383,46.521420693313324,19,7,0.22245531400229027,78,632120,73,0,0.011143596057849663,21,3.943225573285775,healthy,cleanroom_A,0
2026-01-01 07:00:00,2026-01-01,cell_pha_002,URLLC,0.2741198710646496,0.20973541327803857,19.12119545756574,-88.1103712484028,8.743684344362626,49.5920818140742,18,7,0.2513343764510517,78,632120,89,0,0.003567822293891409,20,4.242275341119666,healthy,cleanroom_B,0
2026-01-01 07:05:00,2026-01-01,cell_pha_001,URLLC,0.2916117618818723,0.18538975250800718,18.051850408624595,-85.7623279242504,8.959200927809091,49.221791681206405,27,7,0.2216413260059084,78,632120,73,1,0.004134381407476255,18,2.69699599697031,healthy,cleanroom_A,0
2026-01-01 07:05:00,2026-01-01,cell_pha_002,URLLC,0.28283777598873105,0.2435406614839506,19.30824857574538,-84.69376584445004,9.310807181370095,50.45629185104232,21,7,0.2334634659486456,78,632120,89,0,0.00448775993285722,26,4.0897020030511,healthy,cleanroom_B,0
2026-01-01 07:10:00,2026-01-01,cell_pha_001,URLLC,0.32202645580938905,0.1885813856084857,18.80438780264053,-87.19723003663225,7.806526539819383,46.46381574204262,24,7,0.24970319048615405,78,632120,73,0,0.0022154512569532224,21,4.175937146184914,healthy,cleanroom_A,0
2026-01-01 07:10:00,2026-01-01,cell_pha_002,URLLC,0.2864529440745711,0.24317619422748282,19.215237963884057,-85.16728147708275,9.14567170114373,48.3226025401609,24,7,0.26148561813557436,78,632120,89,0,0.005223459847346023,20,3.6603953703424583,healthy,cleanroom_B,0
2026-01-01 07:15:00,2026-01-01,cell_pha_001,URLLC,0.2829400574229815,0.29013535357516496,19.636746822950432,-86.56705893759721,9.16522710586924,51.20538620173289,24,7,0.2448706798718766,78,632120,73,1,0.009516313267851005,20,3.543113610729382,healthy,cleanroom_A,0
2026-01-01 07:15:00,2026-01-01,cell_pha_002,URLLC,0.29182712948326095,0.19841555362064356,18.731397764193193,-87.0413956433721,9.253366383816504,56.11195532183816,21,7,0.2606084731215391,78,632120,89,0,0.00714778712333684,18,3.757517344703664,healthy,cleanroom_B,0
2026-01-01 07:20:00,2026-01-01,cell_pha_001,URLLC,0.29802877854099696,0.22997596939292922,17.82931325662838,-87.21418059364599,9.008877261226544,48.67289192154478,26,7,0.24795919122848342,78,632120,73,0,0.005828731019852337,17,3.39662795355799,healthy,cleanroom_A,0
2026-01-01 07:20:00,2026-01-01,cell_pha_002,URLLC,0.22872321688269537,0.19784870257368675,20.61665370537094,-86.92426262626178,9.964144177389754,56.43794774471617,21,7,0.22867550322167063,78,632120,89,0,0.005583553852568373,18,4.122496687839437,healthy,cleanroom_B,0
2026-01-01 07:25:00,2026-01-01,cell_pha_001,URLLC,0.26879773189528355,0.28363430207901,19.7192741419659,-85.64835332527686,9.311196323942857,49.80902056028003,18,7,0.22405946645812405,78,632120,73,1,0.004129245803571537,20,4.075514332381828,healthy,cleanroom_A,0
2026-01-01 07:25:00,2026-01-01,cell_pha_002,URLLC,0.25002565326006965,0.22110416497290863,19.9813180337356,-85.74048929052167,8.748768678137047,45.20677953617369,18,7,0.24376583930037332,78,632120,89,0,0.009027315281001286,20,4.109491437038455,healthy,cleanroom_B,0
2026-01-01 07:30:00,2026-01-01,cell_pha_001,URLLC,0.31242568614852617,0.2111695682941825,19.208960028332058,-86.68423429417304,8.530626711357327,49.814374747651705,25,7,0.24237731501611967,78,632120,73,0,0.00265116204519715,18,3.7615704032136015,healthy,cleanroom_A,0
2026-01-01 07:30:00,2026-01-01,cell_pha_002,URLLC,0.2803383308985598,0.21705779294402477,18.060300633608676,-86.9738943794152,9.785709738809182,48.041694627997536,19,7,0.2604770825853911,78,632120,89,0,0.0072292161641466825,16,4.7391604533599105,healthy,cleanroom_B,0
2026-01-01 07:35:00,2026-01-01,cell_pha_001,URLLC,0.34557591299252877,0.2283186859363254,19.271105832167795,-85.27237734940381,8.567502854144136,49.7378459139628,20,7,0.24808954932012392,78,632120,73,0,0.0012508541353891465,26,3.982149180188449,healthy,cleanroom_A,0
2026-01-01 07:35:00,2026-01-01,cell_pha_002,URLLC,0.3168812715295032,0.19582019173504608,18.00699219226805,-88.09050872654926,8.392572483305283,47.0850803438607,26,7,0.2299190306278672,78,632120,89,0,0.0039022526969586177,17,3.819903793311306,healthy,cleanroom_B,0
2026-01-01 07:40:00,2026-01-01,cell_pha_001,URLLC,0.30025433979684696,0.1485619797963424,17.83610163015641,-84.44932074809165,8.625430317159672,47.74644035546558,20,7,0.21835432704304883,78,632120,73,0,0.0038632389078768216,20,4.462836044941909,healthy,cleanroom_A,0
2026-01-01 07:40:00,2026-01-01,cell_pha_002,URLLC,0.29432832189270314,0.24368099667009116,19.245846155223933,-85.08732239535549,9.532313733292145,47.41506034164064,23,7,0.26635588837968255,78,632120,89,0,0.0,18,3.4876103764220043,healthy,cleanroom_B,0
2026-01-01 07:45:00,2026-01-01,cell_pha_001,URLLC,0.24165734911864592,0.27658567475668244,19.22224037155501,-86.81980668954257,8.406686923214666,38.80866040106281,18,7,0.25461962666650123,78,632120,73,0,0.00557818682530394,20,4.349196648633653,healthy,cleanroom_A,0
2026-01-01 07:45:00,2026-01-01,cell_pha_002,URLLC,0.3091301900787757,0.17258982046463395,19.9069859743052,-85.33000772708165,9.363871072653556,54.832291345668295,27,7,0.2670139288012391,78,632120,89,0,0.005146397840530422,18,4.076504623857258,healthy,cleanroom_B,0
2026-01-01 07:50:00,2026-01-01,cell_pha_001,URLLC,0.26529333549883677,0.19329937750709192,18.451119308319488,-90.14401325851061,9.842753013019177,47.081642854620135,22,7,0.268385666680053,78,632120,73,0,0.010431293592424326,18,3.5349991318757445,healthy,cleanroom_A,0
2026-01-01 07:50:00,2026-01-01,cell_pha_002,URLLC,0.32106353895710693,0.22167818050397203,20.05168877187191,-85.25581893786682,9.202696402234437,48.837724661800685,25,7,0.28225352797019065,78,632120,89,0,0.007227572637960339,21,4.0407102063649845,healthy,cleanroom_B,0
2026-01-01 07:55:00,2026-01-01,cell_pha_001,URLLC,0.20849833891127917,0.23550108455945398,20.418303937133135,-89.32921138793458,9.027388807199857,48.035149253158096,28,7,0.2879272857648916,78,632120,73,0,0.005048662232133121,23,4.553889475434721,healthy,cleanroom_A,0
2026-01-01 07:55:00,2026-01-01,cell_pha_002,URLLC,0.3630230767609678,0.24503576642107172,18.4601510086114,-84.42575209120503,8.129911435356629,48.25398384219829,26,7,0.2314703328460744,78,632120,89,0,0.004651885960352918,19,3.908198280021929,healthy,cleanroom_B,0
2026-01-01 08:00:00,2026-01-01,cell_pha_001,URLLC,0.32506087755529395,0.2424837104621969,18.828360859412804,-85.02268906903406,9.107989706895793,45.92469077099306,25,7,0.21101429646184472,78,632120,73,0,0.0060293392749912545,20,3.4550998024424633,healthy,cleanroom_A,0
2026-01-01 08:00:00,2026-01-01,cell_pha_002,URLLC,0.32709995454996843,0.19005929220118367,20.491117482110454,-86.52839755242465,7.709490614874603,52.7140074482471,25,7,0.22666667755041828,78,632120,89,0,0.0043752028258625605,25,4.101995128136072,healthy,cleanroom_B,0
2026-01-01 08:05:00,2026-01-01,cell_pha_001,URLLC,0.27655666152994235,0.26778736267368425,17.70920648291877,-86.53204595443951,8.99188176444883,47.28469094705909,16,7,0.2684408155826375,78,632120,73,0,0.0017920009221121884,17,4.349453941691619,healthy,cleanroom_A,0
2026-01-01 08:05:00,2026-01-01,cell_pha_002,URLLC,0.3005211373935215,0.20157745673966895,17.190562145976752,-88.41321006390496,9.202640042743846,46.44895732513692,26,7,0.2490590251065461,78,632120,89,0,0.0033157400104555793,19,4.350170290892352,healthy,cleanroom_B,0
2026-01-01 08:10:00,2026-01-01,cell_pha_001,URLLC,0.2667426994876093,0.2145010733071822,17.955043410309408,-86.96631237557968,9.780845489355839,44.5204821426991,25,7,0.21328811256088173,78,632120,73,0,0.0,23,4.124399638424083,healthy,cleanroom_A,0
2026-01-01 08:10:00,2026-01-01,cell_pha_002,URLLC,0.2088341341580946,0.203928553816918,19.368879813440188,-87.35155104388242,8.798376622049252,46.936237358245926,28,7,0.25364445031491595,78,632120,89,0,0.0018351502904192852,14,3.1462518504762804,healthy,cleanroom_B,0
2026-01-01 08:15:00,2026-01-01,cell_pha_001,URLLC,0.22416418946483335,0.21157799797447865,19.749482475863978,-83.67516415080631,10.259734210224774,41.01870060916407,22,7,0.2688544535759026,78,632120,73,0,0.002137542653185896,24,3.6689570885955445,healthy,cleanroom_A,0
2026-01-01 08:15:00,2026-01-01,cell_pha_002,URLLC,0.24945053402916229,0.2230741710130947,17.183360869770286,-86.36392857110042,8.906206068796182,51.082743211661466,21,7,0.2867989251990066,78,632120,89,0,0.003957908190666435,13,4.896027610671421,healthy,cleanroom_B,0
2026-01-01 08:20:00,2026-01-01,cell_pha_001,URLLC,0.25085143680961125,0.2421907752523877,19.08413579047986,-84.77098535441039,9.526823388310962,49.71352219887314,31,7,0.23147083196881774,78,632120,73,0,0.006488848320406705,18,3.935131898405748,healthy,cleanroom_A,0
2026-01-01 08:20:00,2026-01-01,cell_pha_002,URLLC,0.2676839803595496,0.22268778302105305,19.64935700586165,-84.50609197276661,9.90670625157183,45.51724727779602,22,7,0.2630080523549941,78,632120,89,0,0.00266228211655822,12,3.7984186615349755,healthy,cleanroom_B,0
2026-01-01 08:25:00,2026-01-01,cell_pha_001,URLLC,0.2667847641745602,0.2596751299456937,18.146694048214556,-85.00707861585423,8.437449263926709,45.67774234505385,24,7,0.22678889813262293,78,632120,73,1,0.0036134731034502274,21,3.420559923201197,healthy,cleanroom_A,0
2026-01-01 08:25:00,2026-01-01,cell_pha_002,URLLC,0.2715979411935738,0.2744958098842032,19.244056541004717,-87.32185767115408,8.721334412396246,50.28644772587606,24,7,0.25997337665367454,78,632120,89,0,0.004091201889035579,19,2.999190215668486,healthy,cleanroom_B,0
2026-01-01 08:30:00,2026-01-01,cell_pha_001,URLLC,0.2589469916119965,0.242978663581787,18.977299706595012,-87.14298728574049,9.45497352100663,50.4459482165149,27,7,0.24769220097591454,78,632120,73,0,0.006119896858659249,19,4.718868118137372,healthy,cleanroom_A,0
2026-01-01 08:30:00,2026-01-01,cell_pha_002,URLLC,0.2945336031774527,0.2565317556235341,19.278696318410034,-84.62086448502953,8.996348946728626,51.02600506786452,28,7,0.21028421716546664,78,632120,89,0,0.007079687835723258,23,4.306538393512623,healthy,cleanroom_B,0
2026-01-01 08:35:00,2026-01-01,cell_pha_001,URLLC,0.2624045304724011,0.22032948677747205,19.935856679034853,-83.84600897334843,8.98231076524203,48.37122004323417,25,7,0.24451337935112252,78,632120,73,0,0.008266919101047434,19,4.153102338161344,healthy,cleanroom_A,0
2026-01-01 08:35:00,2026-01-01,cell_pha_002,URLLC,0.26885746791753795,0.25247055789375206,19.78887101177535,-86.81297510033929,9.253675530038365,47.7899614235616,27,7,0.2821229549353515,78,632120,89,0,0.0,20,4.991524442711272,healthy,cleanroom_B,0
2026-01-01 08:40:00,2026-01-01,cell_pha_001,URLLC,0.29893714984201447,0.234407234575353,17.01368984780375,-85.38840744557294,9.304189040966742,49.843320368677425,23,7,0.25295259982937407,78,632120,73,0,0.006614100300523165,19,3.6273285839490823,healthy,cleanroom_A,0
2026-01-01 08:40:00,2026-01-01,cell_pha_002,URLLC,0.2767529998503108,0.20699117544537438,19.559745725154958,-89.12754244501981,9.208342748087887,42.96266871712885,25,7,0.24156528923866014,78,632120,89,0,0.00905159924693958,11,3.192511958977283,healthy,cleanroom_B,0
2026-01-01 08:45:00,2026-01-01,cell_pha_001,URLLC,0.330471507560203,0.25400706108626875,19.00526976629254,-87.4123064033447,10.454504324592254,51.98446986268739,24,7,0.26573722563393654,78,632120,73,0,0.00772531085574143,12,4.254478220325736,healthy,cleanroom_A,0
2026-01-01 08:45:00,2026-01-01,cell_pha_002,URLLC,0.29143814170242927,0.19552520056046702,19.169497676154446,-87.44566278085158,11.041094278185572,47.78034502804854,27,7,0.2590734918731739,78,632120,89,1,0.005599840414501979,23,4.811706540720879,healthy,cleanroom_B,0
2026-01-01 08:50:00,2026-01-01,cell_pha_001,URLLC,0.28928238519279775,0.238725528174086,19.039261842235828,-87.24989388730587,9.711199335476634,52.23048598590581,30,7,0.2493513871057583,78,632120,73,0,0.005150546598587658,22,4.587175234062159,healthy,cleanroom_A,0
2026-01-01 08:50:00,2026-01-01,cell_pha_002,URLLC,0.2636865158694183,0.26233950957630137,16.64346431820529,-86.13175351790555,8.897441917177963,51.11486978695146,24,7,0.22196932206485892,78,632120,89,0,0.007094709219796826,16,4.233445559146302,healthy,cleanroom_B,0
2026-01-01 08:55:00,2026-01-01,cell_pha_001,URLLC,0.2619106506229899,0.2082332196123915,16.928358480133085,-88.78521560291026,9.359117772387991,50.471162781131376,21,7,0.2333370907923224,78,632120,73,0,0.006067931999053056,23,3.4395613736932544,healthy,cleanroom_A,0
2026-01-01 08:55:00,2026-01-01,cell_pha_002,URLLC,0.26343925812965274,0.2153460060645822,20.774829062277362,-83.9703896336869,10.656829950829414,48.63438045709175,28,7,0.2373261903411098,78,632120,89,0,0.0022886099395504986,19,3.7634540992074124,healthy,cleanroom_B,0
2026-01-01 09:00:00,2026-01-01,cell_pha_001,URLLC,0.2701237180492298,0.21358140568417566,20.288251374724084,-85.00356154691654,8.82963192263838,51.622275084933605,22,7,0.2531228228980163,78,632120,73,0,0.003860787368375014,19,4.12266143022585,healthy,cleanroom_A,0
2026-01-01 09:00:00,2026-01-01,cell_pha_002,URLLC,0.2887361560339448,0.29178030169054725,20.888424912677976,-87.58608011699492,8.850214300984247,46.45909121785527,18,7,0.23405082560070484,78,632120,89,1,0.007617646740077755,19,4.0417892604283505,healthy,cleanroom_B,0
2026-01-01 09:05:00,2026-01-01,cell_pha_001,URLLC,0.2589974791106234,0.20957851499204405,19.44977839186784,-88.14322315133941,9.731047280002054,44.975073341177215,22,7,0.24124513887853816,78,632120,73,0,0.0016236594820356444,18,4.045029956058347,healthy,cleanroom_A,0
2026-01-01 09:05:00,2026-01-01,cell_pha_002,URLLC,0.29455594694433124,0.2128114853369606,20.633173749762133,-85.45176898244225,9.529402163698723,46.60685882341365,28,7,0.24690688979389566,78,632120,89,0,0.0023606413439192153,12,4.4805312829334385,healthy,cleanroom_B,0
2026-01-01 09:10:00,2026-01-01,cell_pha_001,URLLC,0.2842350705649792,0.16730569837761058,18.071861350617663,-86.35965651934039,10.429671286982973,43.54338252143318,27,7,0.2602552546993786,78,632120,73,0,0.0034460095750047433,14,4.647817403058917,healthy,cleanroom_A,0
2026-01-01 09:10:00,2026-01-01,cell_pha_002,URLLC,0.28436890943031656,0.2317968933095448,20.045217994910036,-87.29297353297007,9.522342764868995,49.485818838205795,26,7,0.23350675292042494,78,632120,89,0,0.003085708035884477,23,4.849568190848044,healthy,cleanroom_B,0
2026-01-01 09:15:00,2026-01-01,cell_pha_001,URLLC,0.27659938006480583,0.21848115660829026,15.456177955879193,-84.94020123065326,9.737605221461662,48.90677465545638,23,7,0.273725565038139,78,632120,73,0,0.0035594673525950605,19,4.3651549541548365,healthy,cleanroom_A,0
2026-01-01 09:15:00,2026-01-01,cell_pha_002,URLLC,0.3186978909585473,0.16796165509188415,17.586758536359024,-85.73052997882992,9.670453738106708,48.52710136849455,22,7,0.25359099871345486,78,632120,89,0,0.00440479841821267,16,4.684684522459277,healthy,cleanroom_B,0
2026-01-01 09:20:00,2026-01-01,cell_pha_001,URLLC,0.26612980883436144,0.21923082818956977,17.317678515803795,-86.60417441165936,10.902212263432165,53.1822548598843,21,7,0.24961475378405865,78,632120,73,0,0.0008389240970569658,29,3.595194998760586,healthy,cleanroom_A,0
2026-01-01 09:20:00,2026-01-01,cell_pha_002,URLLC,0.31480278539930656,0.251381567531437,16.748358833384533,-86.70479787382936,9.016276860878742,51.05853275299389,23,7,0.27772394324420324,78,632120,89,1,0.005618935257654214,21,3.7642386136668113,healthy,cleanroom_B,0
2026-01-01 09:25:00,2026-01-01,cell_pha_001,URLLC,0.2899462508540108,0.24250444789697,17.43289405315901,-84.6920367504215,8.503316392583951,49.91627814502793,21,7,0.24587285884998655,78,632120,73,1,0.004284687985355031,23,4.734504819618057,healthy,cleanroom_A,0
2026-01-01 09:25:00,2026-01-01,cell_pha_002,URLLC,0.30903176160338425,0.23730125084630205,19.860856369710373,-86.3664932827693,9.150836339966318,50.309687943824294,23,7,0.24320226306986586,78,632120,89,0,0.0,30,5.07132377727547,healthy,cleanroom_B,0
2026-01-01 09:30:00,2026-01-01,cell_pha_001,URLLC,0.295032562978674,0.251979328892294,20.665408062307073,-85.42284718369251,9.335339691053996,46.01679271257858,24,7,0.26325641656338994,78,632120,73,0,0.005163741935415699,19,3.704565541071841,healthy,cleanroom_A,0
2026-01-01 09:30:00,2026-01-01,cell_pha_002,URLLC,0.3130111204209167,0.24026819899493435,17.91704447674067,-85.15950623265161,9.345361599161206,46.451107209415476,23,7,0.24286942719930493,78,632120,89,0,0.007698975934127338,17,4.155731683657422,healthy,cleanroom_B,0
2026-01-01 09:35:00,2026-01-01,cell_pha_001,URLLC,0.3317839712400853,0.1625330450659302,17.82336825650971,-85.58250059064424,10.362196474507556,48.32610645844023,19,7,0.24886861410244274,78,632120,73,0,0.006185694197297661,18,3.734045077024598,healthy,cleanroom_A,0
2026-01-01 09:35:00,2026-01-01,cell_pha_002,URLLC,0.30258616501446645,0.24529522930068007,17.09505113817502,-88.31110174439613,9.309676175571887,50.33960883756833,24,7,0.24597251648480262,78,632120,89,1,0.004018017650940926,20,3.9573722166847105,healthy,cleanroom_B,0
2026-01-01 09:40:00,2026-01-01,cell_pha_001,URLLC,0.3094201988298228,0.24911493942591192,21.832712406873586,-87.49353534026271,10.996172127664451,45.25432283654003,25,7,0.2517405337177468,78,632120,73,0,0.008811240092531432,22,3.4078218033348997,healthy,cleanroom_A,0
2026-01-01 09:40:00,2026-01-01,cell_pha_002,URLLC,0.3019544018296267,0.2000623998322421,20.155277079668615,-87.56789417209771,10.54410430642584,49.74118789457581,22,7,0.25798543477618463,78,632120,89,0,0.004188498857865155,23,4.156062965286845,healthy,cleanroom_B,0
2026-01-01 09:45:00,2026-01-01,cell_pha_001,URLLC,0.32726129948306626,0.21816947946914775,19.122078699680646,-85.81075220535354,9.62140879732732,45.534324685370876,22,7,0.2716927129052929,78,632120,73,0,0.007577297547060881,14,4.939234696882565,healthy,cleanroom_A,0
2026-01-01 09:45:00,2026-01-01,cell_pha_002,URLLC,0.32587940436901885,0.22193768970829664,17.321141030022353,-85.1416363697191,9.181619262272367,49.530416146840324,18,7,0.2655166298240312,78,632120,89,0,0.01164882807249206,15,3.7119632086937604,healthy,cleanroom_B,0
2026-01-01 09:50:00,2026-01-01,cell_pha_001,URLLC,0.2918922550662121,0.2291674057570744,18.1753674471839,-84.65930188109681,9.835219497150055,45.50614249214677,26,7,0.22030584136760484,78,632120,73,2,0.0,22,3.608902016956275,healthy,cleanroom_A,0
2026-01-01 09:50:00,2026-01-01,cell_pha_002,URLLC,0.2601047874808971,0.2001326554202622,19.325940195891796,-87.81559809167419,9.475297316391382,47.717954477744534,26,7,0.25696648721970516,78,632120,89,0,0.0031688936641505747,16,3.861220800835017,healthy,cleanroom_B,0
2026-01-01 09:55:00,2026-01-01,cell_pha_001,URLLC,0.28123540061047536,0.25427767668370344,18.165483612520664,-85.96994406370054,9.384352499810607,46.77330272937363,20,7,0.26926219282616964,78,632120,73,0,0.00048374843246941834,18,4.795611144609566,healthy,cleanroom_A,0
2026-01-01 09:55:00,2026-01-01,cell_pha_002,URLLC,0.334928628662697,0.18940719443855608,21.143517350712273,-84.63177140603483,9.775882861268144,52.72776086563617,21,7,0.2886909648208637,78,632120,89,0,0.0,14,4.463682486077837,healthy,cleanroom_B,0
2026-01-01 10:00:00,2026-01-01,cell_pha_001,URLLC,0.27065081698150845,0.19761650551171822,19.132183675196984,-84.69548636495827,9.32662731184547,43.948735745833844,27,7,0.2433997962321111,78,632120,73,1,0.006246388200356541,9,4.700359560834827,healthy,cleanroom_A,0
2026-01-01 10:00:00,2026-01-01,cell_pha_002,URLLC,0.2807334616575936,0.2111979072680808,20.77119235212348,-86.19815181921969,10.795138884657547,51.79547983646498,24,7,0.22319468583365903,78,632120,89,0,0.0029968626517004405,21,3.9246376908674434,healthy,cleanroom_B,0
2026-01-01 10:05:00,2026-01-01,cell_pha_001,URLLC,0.21615491374042567,0.18945647165443943,18.436517494406065,-85.20316515711113,10.641822409682455,40.4517144126817,24,7,0.26836018926137123,78,632120,73,0,0.0010758099974389527,27,4.692430946237021,healthy,cleanroom_A,0
2026-01-01 10:05:00,2026-01-01,cell_pha_002,URLLC,0.32229718651825084,0.19955156342408698,18.823992094099527,-82.95289975283225,9.804129985404728,43.200151997746964,23,7,0.23244805359919007,78,632120,89,0,0.004761088807034539,19,3.946863441730832,healthy,cleanroom_B,0
2026-01-01 10:10:00,2026-01-01,cell_pha_001,URLLC,0.2616970340182866,0.28898992208844515,17.838889789301785,-86.13459615486742,9.437846133411263,47.624866752420346,28,7,0.2550299443526438,78,632120,73,0,0.004297809823415694,21,4.488999347207024,healthy,cleanroom_A,0
2026-01-01 10:10:00,2026-01-01,cell_pha_002,URLLC,0.2992218733060876,0.26882204018394057,19.046379333211526,-86.08856332595758,9.533715852359162,52.151161083579,31,7,0.23179878004371848,78,632120,89,0,0.004526336676973117,16,5.123001915479933,healthy,cleanroom_B,0
2026-01-01 10:15:00,2026-01-01,cell_pha_001,URLLC,0.3389838241412677,0.17356501501780267,20.268827236248192,-86.39804016247137,11.50171727009065,50.06307655535335,22,7,0.2340940487055974,78,632120,73,0,0.0060486189315447445,24,4.177939633309846,healthy,cleanroom_A,0
2026-01-01 10:15:00,2026-01-01,cell_pha_002,URLLC,0.3096174205895023,0.20299860924069552,18.264616420811414,-86.9464423956982,10.387741843490595,48.35599250917199,27,7,0.2510078619955396,78,632120,89,1,0.00989942983582403,17,4.168378154086196,healthy,cleanroom_B,0
2026-01-01 10:20:00,2026-01-01,cell_pha_001,URLLC,0.2803971001840501,0.2420720008084049,17.8453648827553,-88.03739509228818,9.03555907370496,47.488771028295055,21,7,0.2193615579325799,78,632120,73,0,0.007753089659568026,19,4.560964141539406,healthy,cleanroom_A,0
2026-01-01 10:20:00,2026-01-01,cell_pha_002,URLLC,0.2771234919230209,0.19495446541685496,19.344182256579142,-86.10799788865968,9.032678155181616,48.41733521928477,27,7,0.26646013195412743,78,632120,89,0,0.004892821690678303,16,4.905791809688736,healthy,cleanroom_B,0
2026-01-01 10:25:00,2026-01-01,cell_pha_001,URLLC,0.322706784167951,0.24987576173117082,19.377412512898836,-87.40135859622194,10.057261874759817,50.666949541213945,21,7,0.24759788573555638,78,632120,73,0,0.003066215007047883,18,4.6176516415315705,healthy,cleanroom_A,0
2026-01-01 10:25:00,2026-01-01,cell_pha_002,URLLC,0.2859771412374772,0.2941542722816641,18.371052616613994,-85.74423772097053,9.60748241074557,51.535352550955,23,7,0.23596845224803636,78,632120,89,0,0.0028137176659524025,21,4.039076130119397,healthy,cleanroom_B,0
2026-01-01 10:30:00,2026-01-01,cell_pha_001,URLLC,0.3031209634628429,0.25802870682411716,18.989300717136945,-87.28576460566615,11.393697928101316,43.28670677228815,23,7,0.26458457122907914,78,632120,73,0,0.0018866988375560783,14,4.8195230290888675,healthy,cleanroom_A,0
2026-01-01 10:30:00,2026-01-01,cell_pha_002,URLLC,0.3021797807702471,0.18514799923196962,18.11310508228277,-87.35804781902274,9.613508445794796,46.58753502667339,24,7,0.27561453239711053,78,632120,89,0,0.001227992562654902,24,4.504730182229214,healthy,cleanroom_B,0
2026-01-01 10:35:00,2026-01-01,cell_pha_001,URLLC,0.2603054167954383,0.280397393643838,17.369474769496325,-85.11301890672128,10.619497210177087,51.985436432375195,20,7,0.24507055570015746,78,632120,73,0,0.002039644266323978,23,5.3181046734534005,healthy,cleanroom_A,0
2026-01-01 10:35:00,2026-01-01,cell_pha_002,URLLC,0.2556107792607946,0.22705359829454996,18.888158112412984,-84.17677637525345,9.913832419126209,44.119485421984876,28,7,0.27598926618374675,78,632120,89,1,0.0041116457024086665,22,4.784176516322033,healthy,cleanroom_B,0
2026-01-01 10:40:00,2026-01-01,cell_pha_001,URLLC,0.3006295745352704,0.23638335492677343,19.120258813963446,-85.6360335930142,9.879404994485917,48.55653991975423,25,7,0.2453318180296099,78,632120,73,0,0.0019396731966513083,21,3.795628694646144,healthy,cleanroom_A,0
2026-01-01 10:40:00,2026-01-01,cell_pha_002,URLLC,0.26420479910451655,0.18625211934693536,18.782198518791414,-84.10133761225016,10.245460814614058,46.12919247111192,27,7,0.24426273408497884,78,632120,89,0,0.005671044213215024,27,4.085159285963899,healthy,cleanroom_B,0
2026-01-01 10:45:00,2026-01-01,cell_pha_001,URLLC,0.3050684478365874,0.2165825082084075,18.23266650327175,-83.33492022932357,12.132233690577443,49.11697668018091,24,7,0.25421857746176896,78,632120,73,0,0.003431176461591949,16,4.562596675878008,healthy,cleanroom_A,0
2026-01-01 10:45:00,2026-01-01,cell_pha_002,URLLC,0.236290437376562,0.19905335620802284,21.916116055708024,-86.07735175921432,9.916180945433444,47.20956824946289,25,7,0.26515798334190693,78,632120,89,0,0.0024794006766567828,22,4.046762795925818,healthy,cleanroom_B,0
2026-01-01 10:50:00,2026-01-01,cell_pha_001,URLLC,0.3119262846657403,0.24065835102936664,17.598749230599687,-84.5350019450328,10.271641643784415,44.43483343620519,24,7,0.24630918114719474,78,632120,73,0,0.0018098513397235539,12,4.140178508492994,healthy,cleanroom_A,0
2026-01-01 10:50:00,2026-01-01,cell_pha_002,URLLC,0.25863837501451115,0.23694751843818737,17.515533814555734,-84.96486287723691,10.157317214336855,43.50588067382686,19,7,0.27345224199148305,78,632120,89,0,0.0055677740003729145,17,4.640011649524307,healthy,cleanroom_B,0
2026-01-01 10:55:00,2026-01-01,cell_pha_001,URLLC,0.27652589470084704,0.2517565844842545,18.79350460347001,-87.95266960612027,9.10323108506981,44.45821698073953,23,7,0.25177684224853064,78,632120,73,0,0.0004448705846496685,18,4.054082351796223,healthy,cleanroom_A,0
2026-01-01 10:55:00,2026-01-01,cell_pha_002,URLLC,0.2943907159179259,0.22961348541538112,19.20475846935264,-84.46867576849628,10.871113736681199,46.97146604127049,22,7,0.24788227889788178,78,632120,89,0,0.0032344948025711303,19,5.017247512602784,healthy,cleanroom_B,0
2026-01-01 11:00:00,2026-01-01,cell_pha_001,URLLC,0.34702279242393197,0.25005501908648226,17.099689911640464,-83.8595228491603,9.362374563889077,51.6247884764415,24,7,0.2711746665495161,78,632120,73,0,0.006542442620594641,12,4.713164386085209,healthy,cleanroom_A,0
2026-01-01 11:00:00,2026-01-01,cell_pha_002,URLLC,0.26653367139158846,0.26529612049360946,19.418702345433545,-87.61293257033206,9.665614834589014,43.641727359713556,26,7,0.26309147678961964,78,632120,89,1,0.0017135593041816216,24,4.448626658015662,healthy,cleanroom_B,0
2026-01-01 11:05:00,2026-01-01,cell_pha_001,URLLC,0.28774738560991686,0.23455367676608743,17.64676826243822,-85.49456498590972,10.739745054883047,48.778625296714615,21,7,0.27213473847239705,78,632120,73,0,0.00112101616648011,23,5.051829853370649,healthy,cleanroom_A,0
2026-01-01 11:05:00,2026-01-01,cell_pha_002,URLLC,0.29026010372263067,0.2005762171456144,19.82935561720493,-83.53354743464946,10.907897122003806,46.88888817101668,21,7,0.2621366890620071,78,632120,89,0,0.00388816766453033,20,3.79241781966152,healthy,cleanroom_B,0
2026-01-01 11:10:00,2026-01-01,cell_pha_001,URLLC,0.2788321239854548,0.21060873142221384,19.13417138283807,-87.22774640361558,10.358030336677983,39.75169384188433,27,7,0.2394240514457681,78,632120,73,0,0.008029776193668726,19,4.264768919653145,healthy,cleanroom_A,0
2026-01-01 11:10:00,2026-01-01,cell_pha_002,URLLC,0.26800839831130713,0.272308656018747,16.128059223744035,-84.84709435175544,8.784895556431113,45.701053951152886,22,7,0.2522938615871301,78,632120,89,0,0.0011700338998075974,17,4.990546743060108,healthy,cleanroom_B,0
2026-01-01 11:15:00,2026-01-01,cell_pha_001,URLLC,0.28832032539160646,0.20515754708422865,17.415794910870474,-85.16906974100701,9.198785927853889,47.348569160771056,22,7,0.27753879646721213,78,632120,73,1,0.0066831445794728935,19,4.3219331772645075,healthy,cleanroom_A,0
2026-01-01 11:15:00,2026-01-01,cell_pha_002,URLLC,0.37265536584580855,0.23547875430303533,19.777304506157815,-85.27303473303245,10.256078557035687,50.92796984944752,26,7,0.2514301183774129,78,632120,89,0,0.0053756343575842485,18,5.555899576365805,healthy,cleanroom_B,0
2026-01-01 11:20:00,2026-01-01,cell_pha_001,URLLC,0.2751483699087626,0.19990014709365334,19.944945544178157,-84.29708790252022,10.626663117387027,50.58945221611242,26,7,0.25055561986620467,78,632120,73,0,0.0035645635944470035,18,4.6091117127371515,healthy,cleanroom_A,0
2026-01-01 11:20:00,2026-01-01,cell_pha_002,URLLC,0.2597844493545832,0.21216206826876238,19.342297037630626,-85.97151322003984,10.718514135318056,48.19241040713446,23,7,0.2626459449829684,78,632120,89,0,0.006275253737349428,18,4.681953000587737,healthy,cleanroom_B,0
2026-01-01 11:25:00,2026-01-01,cell_pha_001,URLLC,0.2695549062748998,0.2429234321650537,17.335251375541638,-83.46867044077004,9.999707672332674,43.11587335814637,26,7,0.26097003508893807,78,632120,73,0,0.0033829405112210356,19,4.798995685402294,healthy,cleanroom_A,0
2026-01-01 11:25:00,2026-01-01,cell_pha_002,URLLC,0.3047701285991098,0.19582845500161625,18.70793170506089,-86.51773530086435,10.320980448513179,49.260968489328384,15,7,0.2645777521928009,78,632120,89,0,0.005348261382357185,25,4.09647552676962,healthy,cleanroom_B,0
2026-01-01 11:30:00,2026-01-01,cell_pha_001,URLLC,0.2521502760763292,0.23457066877571545,15.908943346906867,-87.922776871593,9.50629084428279,48.64652390790527,24,7,0.2508105319265212,78,632120,73,0,0.004414030375581629,21,4.542027283977366,healthy,cleanroom_A,0
2026-01-01 11:30:00,2026-01-01,cell_pha_002,URLLC,0.2617525615840265,0.23875635791738398,17.91933567308934,-86.41883137881753,10.04138507748498,47.97516034821124,21,7,0.26249455099772423,78,632120,89,1,0.00015931921488938818,21,3.8313960182694844,healthy,cleanroom_B,0
2026-01-01 11:35:00,2026-01-01,cell_pha_001,URLLC,0.23352228470967273,0.20467496322840953,18.58189244895902,-87.6105536190767,9.77509679533094,46.49814556203404,18,7,0.294352491042543,78,632120,73,0,0.003816303346023999,15,4.798061973409713,healthy,cleanroom_A,0
2026-01-01 11:35:00,2026-01-01,cell_pha_002,URLLC,0.2919694570210704,0.24474813668842307,16.380108805464957,-87.06957062253697,10.66409761952334,46.51698014945192,27,7,0.27104982448193976,78,632120,89,1,0.001740301776047813,22,4.454885684718439,healthy,cleanroom_B,0
2026-01-01 11:40:00,2026-01-01,cell_pha_001,URLLC,0.2692581199128648,0.18682494453543647,16.173063532747825,-85.90170112875492,10.612069058395255,48.388228610687605,24,7,0.2909135154474718,78,632120,73,1,0.003899144033664969,24,3.5024081267388953,healthy,cleanroom_A,0
2026-01-01 11:40:00,2026-01-01,cell_pha_002,URLLC,0.2914248775851302,0.23575287921917792,21.977336943919394,-83.18429528700254,10.185932170301532,49.125772434500206,26,7,0.260977225865212,78,632120,89,3,0.0066607804656179555,14,4.1107795599792825,healthy,cleanroom_B,0
2026-01-01 11:45:00,2026-01-01,cell_pha_001,URLLC,0.2813953951064423,0.22191933134106565,20.90001536208302,-86.56016444952428,9.834037996952715,53.94678090043677,27,7,0.2705966363262301,78,632120,73,0,0.004250424094983684,18,4.472950497319609,healthy,cleanroom_A,0
2026-01-01 11:45:00,2026-01-01,cell_pha_002,URLLC,0.3016367611839938,0.26385397502641916,19.4350284141478,-87.26915320426599,9.913190633278345,53.822600817545606,24,7,0.27873967154596935,78,632120,89,0,0.0039056124138786737,19,3.8243446092445037,healthy,cleanroom_B,0
2026-01-01 11:50:00,2026-01-01,cell_pha_001,URLLC,0.3419168360697001,0.2608737473200064,16.92260328221107,-88.8439777987191,10.384607762505643,49.47435776981877,28,7,0.27531647325901176,78,632120,73,0,0.00046839744349694594,13,3.972485447231123,healthy,cleanroom_A,0
2026-01-01 11:50:00,2026-01-01,cell_pha_002,URLLC,0.2733153347272837,0.2541387030820015,19.312890586955433,-85.97240867664301,11.080199021380402,41.58749821175824,22,7,0.25595903756587773,78,632120,89,0,0.005376083777336963,23,3.975452473806007,healthy,cleanroom_B,0
2026-01-01 11:55:00,2026-01-01,cell_pha_001,URLLC,0.27288220842707794,0.18362895120820824,18.888634378939766,-87.43296726322971,10.948706366579136,48.268526999291446,23,7,0.2852890478049384,78,632120,73,0,0.006703436984842867,25,5.011454278718767,healthy,cleanroom_A,0
2026-01-01 11:55:00,2026-01-01,cell_pha_002,URLLC,0.3196640768223543,0.23907530014797795,19.28362825364422,-87.78572563203254,11.03910007028103,47.26941587482541,24,7,0.2609559832315741,78,632120,89,0,0.006698289141080302,19,4.529276601155604,healthy,cleanroom_B,0
2026-01-01 12:00:00,2026-01-01,cell_pha_001,URLLC,0.31227168902482577,0.23070268870925073,16.887397817558448,-86.45671671161979,10.7421151864174,46.12312768079581,25,7,0.27005887054171124,78,632120,73,0,0.0014084427520884989,20,4.915353974606757,healthy,cleanroom_A,0
2026-01-01 12:00:00,2026-01-01,cell_pha_002,URLLC,0.327046193411915,0.23154169943755704,16.657275950479693,-87.98538245210209,9.850842581538608,45.2386327312521,19,7,0.2738227334809625,78,632120,89,1,0.004100841013886727,19,4.503865902696674,healthy,cleanroom_B,0
2026-01-01 12:05:00,2026-01-01,cell_pha_001,URLLC,0.3058927736083273,0.1955749005404166,19.67502750609971,-85.73442597873513,10.629684872906395,46.99520388817918,25,7,0.285817658627939,78,632120,73,1,0.005178126144614734,18,4.007139745347715,healthy,cleanroom_A,0
2026-01-01 12:05:00,2026-01-01,cell_pha_002,URLLC,0.2444594606901303,0.2510142832419693,19.232133166713535,-88.55614943847111,11.50717170128911,45.77196343589654,26,7,0.2506085911119237,78,632120,89,0,0.006622382165903606,19,4.294567627475911,healthy,cleanroom_B,0
2026-01-01 12:10:00,2026-01-01,cell_pha_001,URLLC,0.27490376549260787,0.26143837046676777,18.676044645630267,-83.48510780263146,10.813505835062642,44.23183562139589,26,7,0.26995885528655256,78,632120,73,0,0.0019341420579277293,21,5.048862804375031,healthy,cleanroom_A,0
2026-01-01 12:10:00,2026-01-01,cell_pha_002,URLLC,0.22306193444495515,0.23018925300140053,18.453105193403346,-85.72092073452171,10.914662254989771,46.17489751228794,25,7,0.2778988296027988,78,632120,89,0,0.005962385721719796,22,4.871631539623765,healthy,cleanroom_B,0
2026-01-01 12:15:00,2026-01-01,cell_pha_001,URLLC,0.2860962080018172,0.19601027733107068,20.96880442965241,-86.8205070812675,10.484915091544538,44.92905671490033,23,7,0.299856811703174,78,632120,73,0,0.003845836701983648,27,4.8595011780428505,healthy,cleanroom_A,0
2026-01-01 12:15:00,2026-01-01,cell_pha_002,URLLC,0.3218827470773423,0.2490473677711388,17.844636902768315,-82.37329169582533,10.16638369388356,42.67517086626382,19,7,0.27094155860328073,78,632120,89,0,0.010231847166596296,20,4.49122275933524,healthy,cleanroom_B,0
2026-01-01 12:20:00,2026-01-01,cell_pha_001,URLLC,0.25703514096873253,0.202616797432549,18.473307958256537,-86.6951669204381,9.299889334560204,49.93533806298336,18,7,0.27767647056906913,78,632120,73,0,0.007670204556663243,24,5.113258375665916,healthy,cleanroom_A,0
2026-01-01 12:20:00,2026-01-01,cell_pha_002,URLLC,0.3115622465807123,0.21808388244626523,17.766907310546763,-82.96683657371979,10.697075444494706,45.349724531737095,24,7,0.2505424719709175,78,632120,89,1,0.0033361488134269093,22,4.884136981040516,healthy,cleanroom_B,0
2026-01-01 12:25:00,2026-01-01,cell_pha_001,URLLC,0.2720922954952527,0.26009138373630475,18.30426020221465,-85.64399284430922,11.31008714187421,44.12776038925315,19,7,0.276542044879869,78,632120,73,0,0.002368009265385514,26,4.671373345507356,healthy,cleanroom_A,0
2026-01-01 12:25:00,2026-01-01,cell_pha_002,URLLC,0.32102204583215266,0.22154955143341945,20.217714179413946,-83.85570203814734,10.023479522675535,46.82084118724191,24,7,0.261832591148741,78,632120,89,0,0.003315020587757492,22,3.9963461228413335,healthy,cleanroom_B,0
2026-01-01 12:30:00,2026-01-01,cell_pha_001,URLLC,0.2804465762562279,0.23207322260030563,17.41167561788492,-86.64420896884175,10.743554134027898,48.01292292702948,24,7,0.27496923919253546,78,632120,73,0,0.0034178732097110377,13,5.70771734578643,healthy,cleanroom_A,0
2026-01-01 12:30:00,2026-01-01,cell_pha_002,URLLC,0.29701512121059087,0.16202232937178168,19.08546001042348,-88.0415253918612,9.729604266878894,49.58009412631373,29,7,0.26392194115262324,78,632120,89,0,0.0,22,4.818436660344693,healthy,cleanroom_B,0
2026-01-01 12:35:00,2026-01-01,cell_pha_001,URLLC,0.2484948364095787,0.22803322592477535,18.654128940780037,-87.81907819856389,10.57910425082063,46.6551306790673,25,7,0.25167678947668143,78,632120,73,0,0.0024168644943160147,25,5.045770577309823,healthy,cleanroom_A,0
2026-01-01 12:35:00,2026-01-01,cell_pha_002,URLLC,0.2590224370550786,0.21503048572947936,20.029351427323256,-87.59306938826984,10.46340822491453,45.63073175962566,20,7,0.2769719286307616,78,632120,89,0,0.0,16,4.103856802049909,healthy,cleanroom_B,0
2026-01-01 12:40:00,2026-01-01,cell_pha_001,URLLC,0.27573881175301185,0.21165238694628483,18.265713638527377,-85.29432446664474,9.999832948363762,49.79083769192665,26,7,0.2509949988973132,78,632120,73,0,0.005305900534586172,20,4.663937154752321,healthy,cleanroom_A,0
2026-01-01 12:40:00,2026-01-01,cell_pha_002,URLLC,0.28138609827444866,0.24089235672468307,19.026358126099893,-84.59733685846582,9.944188536451499,48.842563046176565,26,7,0.2502611091981334,78,632120,89,0,0.005922868754917019,25,5.00247103127231,healthy,cleanroom_B,0
2026-01-01 12:45:00,2026-01-01,cell_pha_001,URLLC,0.36535883184722917,0.2087561477562975,17.587097611699615,-85.89350792686258,11.01266333479606,50.104052515034475,22,7,0.26873729227118176,78,632120,73,0,0.0047052197270871995,26,4.918503353742087,healthy,cleanroom_A,0
2026-01-01 12:45:00,2026-01-01,cell_pha_002,URLLC,0.3639909166551193,0.20899963619048434,16.41992012845598,-88.50013689948536,10.238143668643547,49.895414097635786,26,7,0.2525115216809056,78,632120,89,0,3.126794067174685e-05,25,4.416194137728876,healthy,cleanroom_B,0
2026-01-01 12:50:00,2026-01-01,cell_pha_001,URLLC,0.2740350519106339,0.18184434446497344,18.187095243093214,-85.40445259655903,10.151062350975387,46.50982589161888,18,7,0.2598401438064477,78,632120,73,0,0.003555106110635784,23,5.188888380468094,healthy,cleanroom_A,0
2026-01-01 12:50:00,2026-01-01,cell_pha_002,URLLC,0.3078263733194063,0.2425127066321073,19.56963903612375,-86.65919527002033,11.006557734423806,49.33842301274302,19,7,0.2703715357594556,78,632120,89,0,0.003837385818202977,22,5.394873090492759,healthy,cleanroom_B,0
2026-01-01 12:55:00,2026-01-01,cell_pha_001,URLLC,0.2912532449126258,0.16442731255033136,18.364599613376296,-87.41788482781007,9.961241774134962,42.34271516828662,28,7,0.2848368291738275,78,632120,73,0,0.0017339223518070919,15,5.054950133153884,healthy,cleanroom_A,0
2026-01-01 12:55:00,2026-01-01,cell_pha_002,URLLC,0.2687563254184523,0.24166605126899374,17.877739172360066,-88.21571444766865,10.64650243282176,52.64617667538859,23,7,0.2592792856599048,78,632120,89,2,0.00845306731895392,19,4.578565526087798,healthy,cleanroom_B,0
2026-01-01 13:00:00,2026-01-01,cell_pha_001,URLLC,0.25504716477211575,0.22477288726567018,19.619499447754116,-86.14829467394343,10.115875263213358,40.12455994770959,25,7,0.25975609667004645,78,632120,73,0,0.003448359816896793,18,4.9905565835503465,healthy,cleanroom_A,0
2026-01-01 13:00:00,2026-01-01,cell_pha_002,URLLC,0.32681052789623377,0.2109907522529106,18.364631932227255,-84.56179001598356,10.46814895718515,48.55002664199526,27,7,0.2560166424722308,78,632120,89,0,0.006871855874556857,19,4.4739960335471425,healthy,cleanroom_B,0
2026-01-01 13:05:00,2026-01-01,cell_pha_001,URLLC,0.250975297678743,0.2843034047433094,18.712347651003842,-86.26673858793303,10.484257139363526,44.624329468860495,21,7,0.25986870056979877,78,632120,73,0,0.006135599651442082,21,4.9705049886277575,healthy,cleanroom_A,0
2026-01-01 13:05:00,2026-01-01,cell_pha_002,URLLC,0.28888099231127856,0.2755138970153126,16.77071419564165,-85.87100140249218,10.566700380636261,47.73621777174031,16,7,0.276198455170228,78,632120,89,0,0.0032033172735579894,30,4.770206813751355,healthy,cleanroom_B,0
2026-01-01 13:10:00,2026-01-01,cell_pha_001,URLLC,0.28274579317716586,0.16383533492699814,16.795430976543773,-87.72373893580796,10.119044406000656,46.95489191029778,24,7,0.28167792556306404,78,632120,73,0,0.005477766286076392,21,4.498993287555129,healthy,cleanroom_A,0
2026-01-01 13:10:00,2026-01-01,cell_pha_002,URLLC,0.2925211240909549,0.26992699754492916,16.361090058746022,-85.52743544582574,11.186546290653977,44.722337188849764,25,7,0.24421930344177922,78,632120,89,0,0.0010406022573495126,15,5.691367150968814,healthy,cleanroom_B,0
2026-01-01 13:15:00,2026-01-01,cell_pha_001,URLLC,0.2409453174333671,0.22889149060350264,17.062186421494445,-86.73302385344445,9.861663196013108,48.95866202017008,28,7,0.2575525097316912,78,632120,73,0,0.0008032250805578211,24,5.085874459659873,healthy,cleanroom_A,0
2026-01-01 13:15:00,2026-01-01,cell_pha_002,URLLC,0.24353491423462917,0.1775944802904204,18.095474932706445,-89.5096221735611,10.749300338170919,45.82242533793858,20,7,0.25277335910434656,78,632120,89,0,0.0015472821047093042,13,4.67819737862779,healthy,cleanroom_B,0
2026-01-01 13:20:00,2026-01-01,cell_pha_001,URLLC,0.23433057308175825,0.21306820960301529,19.170780575800592,-88.42734090427759,11.986962333196375,49.98757838934384,31,7,0.24204045543410718,78,632120,73,0,0.0024087598753793652,15,5.060523004582418,healthy,cleanroom_A,0
2026-01-01 13:20:00,2026-01-01,cell_pha_002,URLLC,0.2128922350382194,0.21267673844433696,17.829101056824857,-86.47454813474216,9.685670999627318,44.03873055946677,22,7,0.2479358512795196,78,632120,89,0,0.007381484774391364,21,6.111223950541748,healthy,cleanroom_B,0
2026-01-01 13:25:00,2026-01-01,cell_pha_001,URLLC,0.303702266484167,0.17734713792858653,18.40501651130584,-88.1513333111864,10.535379256288724,50.66507257450395,21,7,0.2727738319762156,78,632120,73,0,0.0012459454260643453,23,5.2479165489033575,healthy,cleanroom_A,0
2026-01-01 13:25:00,2026-01-01,cell_pha_002,URLLC,0.2820430289031316,0.26441359101792056,19.829675736413005,-85.82722867527082,11.526095462316384,49.40918201920515,23,7,0.27328190750111586,78,632120,89,0,0.0049912170435272955,20,5.019324790936683,healthy,cleanroom_B,0
2026-01-01 13:30:00,2026-01-01,cell_pha_001,URLLC,0.27879715263686694,0.1981901688277796,16.015981961634107,-82.4242084430272,11.64593537928973,47.83363987557625,23,7,0.2799044582628174,78,632120,73,0,0.003873531496416425,20,5.583957811889919,healthy,cleanroom_A,0
2026-01-01 13:30:00,2026-01-01,cell_pha_002,URLLC,0.3202076320285549,0.23550971416483427,17.385349804639674,-86.682676001058,10.248092452258561,51.9285769095432,23,7,0.23119935270653505,78,632120,89,0,0.0064580999236135105,16,4.615527322533612,healthy,cleanroom_B,0
2026-01-01 13:35:00,2026-01-01,cell_pha_001,URLLC,0.33102378275284955,0.1999498489493589,18.63328320370469,-85.5558491155651,10.37069524858369,48.703786742680315,24,7,0.2487421698771149,78,632120,73,0,0.0014131975232881374,22,4.163147440728426,healthy,cleanroom_A,0
2026-01-01 13:35:00,2026-01-01,cell_pha_002,URLLC,0.2613397742829494,0.18628084712711698,16.72869532144353,-85.3401140499685,11.032521099971612,45.58224666414692,27,7,0.28149579202997954,78,632120,89,0,0.0033609007373805113,21,4.766234945722733,healthy,cleanroom_B,0
2026-01-01 13:40:00,2026-01-01,cell_pha_001,URLLC,0.2726283767901341,0.20051188871215508,17.545454191389386,-87.87995789351774,10.613221147009254,51.03498124111994,24,7,0.24921933282179853,78,632120,73,0,0.0022741760520555605,21,5.260947824303221,healthy,cleanroom_A,0
2026-01-01 13:40:00,2026-01-01,cell_pha_002,URLLC,0.31498864919597463,0.23084801565530752,18.923636063382425,-85.6153116337122,11.827517883395961,45.485942458722946,26,7,0.30813230332879293,78,632120,89,0,0.003231180588207461,20,4.800986283096465,healthy,cleanroom_B,0
2026-01-01 13:45:00,2026-01-01,cell_pha_001,URLLC,0.2908543883381495,0.1793020044718266,18.356223738390824,-88.31372691170235,11.906103736325806,48.586142747816396,21,7,0.26609027332431506,78,632120,73,0,0.006418876039977838,17,4.814510079808138,healthy,cleanroom_A,0
2026-01-01 13:45:00,2026-01-01,cell_pha_002,URLLC,0.2978485737453041,0.19826278515436277,17.796029356494866,-85.75750642043067,10.731749590572685,49.76177298523452,30,7,0.27954979155762005,78,632120,89,0,0.004490986512525471,17,4.3628482949788685,healthy,cleanroom_B,0
2026-01-01 13:50:00,2026-01-01,cell_pha_001,URLLC,0.2755199428878551,0.2150419608993269,16.607863843675794,-86.84928391229,10.937857308602117,45.112108574742145,23,7,0.2652889436581478,78,632120,73,0,0.0036220790482736267,23,4.974322649661749,healthy,cleanroom_A,0
2026-01-01 13:50:00,2026-01-01,cell_pha_002,URLLC,0.30140381387333465,0.23766206868643439,18.790876357134827,-86.14762611298667,11.152705577042113,50.597451009539455,24,7,0.2666308554325978,78,632120,89,0,0.0026459992464151977,17,5.276047861799241,healthy,cleanroom_B,0
2026-01-01 13:55:00,2026-01-01,cell_pha_001,URLLC,0.21354159653189592,0.21341218032223722,18.240284923904028,-86.2359767492727,11.02366864523192,47.71800367731365,23,7,0.2573969933167897,78,632120,73,0,0.005038199225663634,15,4.5929467503679975,healthy,cleanroom_A,0
2026-01-01 13:55:00,2026-01-01,cell_pha_002,URLLC,0.3058185256701089,0.22233570172801911,17.71802738839889,-86.55591958030979,9.068129607843133,51.32303201845128,27,7,0.2538651270516503,78,632120,89,0,0.002797708334564648,16,4.807178222936999,healthy,cleanroom_B,0
2026-01-01 14:00:00,2026-01-01,cell_pha_001,URLLC,0.2444510437514736,0.23655864688916797,18.393932415427372,-88.6469240785764,10.611079854273022,45.703933454639085,25,7,0.23810752380527808,78,632120,73,1,0.005886609042931522,19,6.158269344771544,healthy,cleanroom_A,0
2026-01-01 14:00:00,2026-01-01,cell_pha_002,URLLC,0.2074415715191286,0.25829412648342787,17.89798474446738,-83.79685438301813,11.03965685978981,50.32725690134973,24,7,0.27916893176384266,78,632120,89,0,0.0020546903953485205,22,5.945206161187512,healthy,cleanroom_B,0
2026-01-01 14:05:00,2026-01-01,cell_pha_001,URLLC,0.25880873493652623,0.1979927096949688,19.662331771854756,-86.9683949036865,11.326318947140873,50.92397307210061,26,7,0.2577215624131336,78,632120,73,1,0.0019784238253186116,22,4.730621538177337,healthy,cleanroom_A,0
2026-01-01 14:05:00,2026-01-01,cell_pha_002,URLLC,0.2570043865906339,0.23049315453145178,17.13730452264177,-86.1069741006889,11.650377921138784,51.051532042860615,20,7,0.2677032485613908,78,632120,89,0,0.003239224576275519,25,4.928072199503043,healthy,cleanroom_B,0
2026-01-01 14:10:00,2026-01-01,cell_pha_001,URLLC,0.2685812545880091,0.26260083753361313,22.444855682693017,-88.76155425093927,10.260261427709878,48.855371524026815,24,7,0.273213169100754,78,632120,73,0,0.00476332071837173,19,4.9769429842027275,healthy,cleanroom_A,0
2026-01-01 14:10:00,2026-01-01,cell_pha_002,URLLC,0.2632089918655056,0.23083593652161988,17.29337266858498,-83.99270580059202,10.689524091579248,45.94427157846293,27,7,0.23838391452966792,78,632120,89,0,0.007636295102397592,14,5.238034798160386,healthy,cleanroom_B,0
2026-01-01 14:15:00,2026-01-01,cell_pha_001,URLLC,0.24927212996923412,0.21717636806296545,18.654980535423412,-85.24452456871391,11.363276414849635,44.58721801391194,27,7,0.24597221474811803,78,632120,73,0,0.000636322255167764,20,4.952216489465697,healthy,cleanroom_A,0
2026-01-01 14:15:00,2026-01-01,cell_pha_002,URLLC,0.25642968915197495,0.25613522654818466,18.69394844795281,-85.8811774282938,10.240365102908838,41.70029404282463,19,7,0.2564434944359731,78,632120,89,0,0.002722807279177131,19,5.2699677924902835,healthy,cleanroom_B,0
2026-01-01 14:20:00,2026-01-01,cell_pha_001,URLLC,0.3046581160332603,0.23728867575154633,20.82600998207913,-87.50497608554252,11.293000662564928,51.009617608853254,27,7,0.277084677934308,78,632120,73,0,0.003081011334599535,21,4.716213159089303,healthy,cleanroom_A,0
2026-01-01 14:20:00,2026-01-01,cell_pha_002,URLLC,0.34360242313152367,0.26168680775740183,15.892998914443274,-86.3859768278985,9.58473213788007,49.621828508841226,24,7,0.24065764836830444,78,632120,89,0,0.004795728006632787,24,4.675450366402546,healthy,cleanroom_B,0
2026-01-01 14:25:00,2026-01-01,cell_pha_001,URLLC,0.32139496989263167,0.25628562107328656,18.11030826958648,-85.28388413984587,11.060591067673869,47.63974426479377,29,7,0.26427469039447077,78,632120,73,0,0.004751537016911341,26,5.371938160139416,healthy,cleanroom_A,0
2026-01-01 14:25:00,2026-01-01,cell_pha_002,URLLC,0.3385041695252506,0.19994875950101398,18.772557393840657,-84.64262222195917,13.32638495221688,49.19170215893698,27,7,0.28022361131697326,78,632120,89,1,0.0010187951830438057,25,4.750327373891329,healthy,cleanroom_B,0
2026-01-01 14:30:00,2026-01-01,cell_pha_001,URLLC,0.28093404558834933,0.19454425073942078,18.165517049312747,-87.57288746724139,11.479709163853265,49.92235540275792,21,7,0.29287784876367745,78,632120,73,0,0.0045108692180223856,19,5.223054005022185,healthy,cleanroom_A,0
2026-01-01 14:30:00,2026-01-01,cell_pha_002,URLLC,0.2944715871199736,0.16490469392874782,17.938747007543032,-87.18580167458438,11.410569193482278,46.69971904565547,26,7,0.2746261882791975,78,632120,89,0,0.002431697685207803,24,5.8428300841726735,healthy,cleanroom_B,0
2026-01-01 14:35:00,2026-01-01,cell_pha_001,URLLC,0.2598655361460799,0.20567193120000463,17.689852974347776,-87.19900469648746,10.82471459685671,50.60332656157854,25,7,0.2982421248611311,78,632120,73,0,0.004729531918565775,19,5.684543542425513,healthy,cleanroom_A,0
2026-01-01 14:35:00,2026-01-01,cell_pha_002,URLLC,0.3029855190055086,0.21281504093239761,18.722469999177278,-86.56742782604631,10.325438557732562,46.83931034804624,21,7,0.24815918178824342,78,632120,89,0,0.0049864985534263506,9,6.047058206697135,healthy,cleanroom_B,0
2026-01-01 14:40:00,2026-01-01,cell_pha_001,URLLC,0.2760881728324141,0.23241542157436715,17.38304268935994,-86.66278367343931,10.78204521020839,45.95979253791477,19,7,0.28569479893836014,78,632120,73,0,0.002974148171370968,25,5.986157578058906,healthy,cleanroom_A,0
2026-01-01 14:40:00,2026-01-01,cell_pha_002,URLLC,0.26669890361418624,0.2528842709906602,20.253083339850495,-87.08354053830108,11.422427765259341,47.43542442884676,22,7,0.2726793155377725,78,632120,89,0,0.003346446982067406,20,4.810251151913365,healthy,cleanroom_B,0
2026-01-01 14:45:00,2026-01-01,cell_pha_001,URLLC,0.2813035007305438,0.22737841928188512,18.621558732117872,-86.0430174315122,12.594168362576841,48.113639983468794,23,7,0.27629800426225787,78,632120,73,0,0.0048406206158809265,17,3.965973018624599,healthy,cleanroom_A,0
2026-01-01 14:45:00,2026-01-01,cell_pha_002,URLLC,0.25200323347931997,0.20672581171449966,16.43520769894956,-84.43240300134332,13.246647016835674,48.349405245154266,25,7,0.2545666459584949,78,632120,89,1,0.0022103563905469165,27,5.205071456230038,healthy,cleanroom_B,0
2026-01-01 14:50:00,2026-01-01,cell_pha_001,URLLC,0.26587235768065426,0.22087118714515874,17.194018262909943,-86.37480838862834,12.22332590333904,48.45476953445857,17,7,0.25046280306971297,78,632120,73,0,0.006553859664953716,19,5.45866637089234,healthy,cleanroom_A,0
2026-01-01 14:50:00,2026-01-01,cell_pha_002,URLLC,0.2955730899387047,0.21401104525967102,15.513789329831146,-87.72185431278501,10.761104270352497,49.22138940962483,24,7,0.2631902594756264,78,632120,89,0,0.00489614894091692,15,4.723121830852763,healthy,cleanroom_B,0
2026-01-01 14:55:00,2026-01-01,cell_pha_001,URLLC,0.2901698353142448,0.20890897764373675,20.555631018493496,-86.89455750145517,11.767424016290757,49.05738749156614,17,7,0.2586957704762584,78,632120,73,0,0.0030934726239077075,21,4.961066794111769,healthy,cleanroom_A,0
2026-01-01 14:55:00,2026-01-01,cell_pha_002,URLLC,0.3331452784746024,0.24626966595559902,17.502142402135433,-89.30403896170304,11.08060797538129,44.59109141132241,19,7,0.2689833454554919,78,632120,89,0,0.005840360655652637,18,4.407644963460073,healthy,cleanroom_B,0
2026-01-01 15:00:00,2026-01-01,cell_pha_001,URLLC,0.2685870171705397,0.21149970478877503,17.369582060921342,-85.0834970602621,12.561333566355342,50.16682244153401,19,7,0.24866112025461604,78,632120,73,0,0.004781349784956448,20,5.437408161431545,healthy,cleanroom_A,0
2026-01-01 15:00:00,2026-01-01,cell_pha_002,URLLC,0.2660676454230646,0.1895779242134416,18.500357207197805,-87.89989440459627,10.447206170366826,48.19794990575474,23,7,0.29555699575804767,78,632120,89,0,0.0016920871899295175,17,4.6190498892000935,healthy,cleanroom_B,0
2026-01-01 15:05:00,2026-01-01,cell_pha_001,URLLC,0.22907133071445634,0.2628501491879174,18.483731540558388,-86.20273041054863,11.16570535859842,47.833571951230994,26,7,0.3006392774170356,78,632120,73,0,0.007175107334817313,19,4.948373908658652,healthy,cleanroom_A,0
2026-01-01 15:05:00,2026-01-01,cell_pha_002,URLLC,0.3029602760840886,0.1773481795888761,19.819820976525975,-87.04351867927502,12.088532271267708,51.469023890697066,20,7,0.25718832418804627,78,632120,89,0,0.00477852336862669,20,5.398526763340444,healthy,cleanroom_B,0
2026-01-01 15:10:00,2026-01-01,cell_pha_001,URLLC,0.2913388787810222,0.27723845480040643,16.193552995215377,-84.72819006575399,11.114545717558807,49.58648248015384,22,7,0.24805410952798265,78,632120,73,1,0.0002647191607030538,16,5.20342175596512,healthy,cleanroom_A,0
2026-01-01 15:10:00,2026-01-01,cell_pha_002,URLLC,0.2927274441236557,0.2205798227100217,18.301568466183916,-83.89945112467801,9.735891902743116,44.76679092585821,24,7,0.2790798989106853,78,632120,89,0,0.003907098037665292,19,4.71986835394079,healthy,cleanroom_B,0
2026-01-01 15:15:00,2026-01-01,cell_pha_001,URLLC,0.26272724426685357,0.22636341103393673,17.423796811274716,-85.42746419828057,11.554296078293808,47.19661627897445,23,7,0.2491787448536988,78,632120,73,0,0.005474625615788181,17,6.479598018346409,healthy,cleanroom_A,0
2026-01-01 15:15:00,2026-01-01,cell_pha_002,URLLC,0.28893799530905245,0.19749342789273602,21.082001310477644,-83.32156887706805,11.646948497548758,45.54897404777376,26,7,0.2911261328620328,78,632120,89,0,0.003969925200252634,22,5.087531679621428,healthy,cleanroom_B,0
2026-01-01 15:20:00,2026-01-01,cell_pha_001,URLLC,0.29293163477798956,0.22688162984477378,18.418838456663142,-85.91136000046248,10.931695999951016,47.87424086627301,22,7,0.2783051896496447,78,632120,73,0,0.0058954105430704335,15,5.4546526955522046,healthy,cleanroom_A,0
2026-01-01 15:20:00,2026-01-01,cell_pha_002,URLLC,0.28970395152851836,0.17880848021294074,17.2776840858876,-86.71779274213665,11.06916481372233,45.09054581021452,17,7,0.28136411860650207,78,632120,89,0,0.00839886817362325,17,4.808258731388079,healthy,cleanroom_B,0
2026-01-01 15:25:00,2026-01-01,cell_pha_001,URLLC,0.30248651616778444,0.18975856387377915,17.308751011214632,-87.37562382831545,12.076593248748507,52.804714133686275,25,7,0.24717331194255995,78,632120,73,0,0.0007308327540376516,19,5.673471845014108,healthy,cleanroom_A,0
2026-01-01 15:25:00,2026-01-01,cell_pha_002,URLLC,0.2713328235744203,0.16783553612437205,19.12094098606272,-87.5843674889978,10.792584455307697,47.521161997437986,24,7,0.29685863284523106,78,632120,89,0,0.004228234430438636,20,5.752313896826154,healthy,cleanroom_B,0
2026-01-01 15:30:00,2026-01-01,cell_pha_001,URLLC,0.3072576040483945,0.22870399981266268,17.29500807491058,-83.30865233100712,10.508873823656408,52.29443134178225,19,7,0.2929565649734131,78,632120,73,0,0.0034095492444183753,21,5.384355481705609,healthy,cleanroom_A,0
2026-01-01 15:30:00,2026-01-01,cell_pha_002,URLLC,0.22441606554805166,0.19099619436501897,19.409401721754687,-85.15293499518026,11.55050017927241,48.817000203384985,24,7,0.2577880091577094,78,632120,89,0,0.0012335437655303047,18,5.635278659137127,healthy,cleanroom_B,0
2026-01-01 15:35:00,2026-01-01,cell_pha_001,URLLC,0.2907505795304211,0.27343115377726884,17.31695198451172,-83.56461923304067,11.458992887711016,45.93464364718736,25,7,0.296912613576295,78,632120,73,0,0.0019523133399998874,23,5.802477798783332,healthy,cleanroom_A,0
2026-01-01 15:35:00,2026-01-01,cell_pha_002,URLLC,0.28354310395019383,0.127809091875361,17.857038846871195,-85.73166243244223,11.814237169339721,49.50362498134264,25,7,0.2519159605100184,78,632120,89,2,0.0021648163296411798,19,5.46423903339829,healthy,cleanroom_B,0
2026-01-01 15:40:00,2026-01-01,cell_pha_001,URLLC,0.20684987758661136,0.20568637293945755,18.555111599635918,-84.85858171117833,11.60462785705183,45.30594673975739,22,7,0.3043922437880806,78,632120,73,0,0.005094183250482766,20,5.842245947025285,healthy,cleanroom_A,0
2026-01-01 15:40:00,2026-01-01,cell_pha_002,URLLC,0.2662477517634053,0.2454554831616551,19.921922247157433,-83.68115528033202,11.180014971682205,42.88008808099717,24,7,0.2980185225980526,78,632120,89,0,0.00516903706641922,23,5.57294253226768,healthy,cleanroom_B,0
2026-01-01 15:45:00,2026-01-01,cell_pha_001,URLLC,0.2813241668999678,0.21837774471886276,20.378550791929342,-85.16390516420957,11.158236824932885,50.227814877705875,23,7,0.2907616481541703,78,632120,73,0,0.004825768280443865,15,5.9252636312059845,healthy,cleanroom_A,0
2026-01-01 15:45:00,2026-01-01,cell_pha_002,URLLC,0.2600195255811881,0.2034754924799862,20.499184255866368,-83.51165424858303,10.611870690995925,46.73195104544302,15,7,0.2984720295368409,78,632120,89,1,0.0029197205988674684,22,5.383796630425907,healthy,cleanroom_B,0
2026-01-01 15:50:00,2026-01-01,cell_pha_001,URLLC,0.2638063509096112,0.24361253326294613,20.307402403387076,-87.04737904529429,11.403990745810994,49.165655043837646,20,7,0.2555089375785607,78,632120,73,0,0.004168636415169655,13,5.773062622952803,healthy,cleanroom_A,0
2026-01-01 15:50:00,2026-01-01,cell_pha_002,URLLC,0.26584421056835744,0.20183651536384103,14.32760043757031,-83.72071298103623,10.608880495942724,44.868264676231604,22,7,0.25928065385642973,78,632120,89,1,0.004783091318436793,19,4.750299087087982,healthy,cleanroom_B,0
2026-01-01 15:55:00,2026-01-01,cell_pha_001,URLLC,0.3097568301910179,0.23280521440064275,17.806500440851575,-86.67209410121337,11.41551881056013,45.1661162004252,24,7,0.26067148813406865,78,632120,73,0,0.002087259682756458,16,5.4500121571272855,healthy,cleanroom_A,0
2026-01-01 15:55:00,2026-01-01,cell_pha_002,URLLC,0.25916021939863426,0.2956212607647391,17.659671175753644,-84.6714715195209,11.021958438301505,49.70091197875117,27,7,0.27697726545571427,78,632120,89,2,0.001637665410949752,9,4.553616334866738,healthy,cleanroom_B,0
2026-01-01 16:00:00,2026-01-01,cell_pha_001,URLLC,0.3039673878277307,0.19181311774441723,19.665092003203846,-87.64309053382405,11.870753002883276,49.1461727233875,28,7,0.2679697390496481,78,632120,73,0,0.004378792429369946,17,5.517736305483892,healthy,cleanroom_A,0
2026-01-01 16:00:00,2026-01-01,cell_pha_002,URLLC,0.26221222389038806,0.2532147785632989,16.279495517335388,-85.56038502009963,11.02561381485322,47.414986867036745,24,7,0.2648148991161519,78,632120,89,0,0.0022276024473853956,19,4.73842609869817,healthy,cleanroom_B,0
2026-01-01 16:05:00,2026-01-01,cell_pha_001,URLLC,0.26530443374232554,0.16562234900294076,18.079587170689532,-85.59746151797222,12.004670351132207,50.37854135555304,26,7,0.28278968653203257,78,632120,73,0,0.0037652704337040863,21,5.934561889662104,healthy,cleanroom_A,0
2026-01-01 16:05:00,2026-01-01,cell_pha_002,URLLC,0.253514034563572,0.20249429863626878,17.39692109098741,-83.5453621814875,10.93861095732142,51.32827256757617,26,7,0.27001710127947687,78,632120,89,1,0.005379320672609452,20,5.608223708099137,healthy,cleanroom_B,0
2026-01-01 16:10:00,2026-01-01,cell_pha_001,URLLC,0.2703539264603822,0.18827035611631404,18.356523077796503,-85.51272251223344,10.8921349020353,51.38844693884376,23,7,0.22716228376374054,78,632120,73,0,0.003872883457226796,18,5.231694261720347,healthy,cleanroom_A,0
2026-01-01 16:10:00,2026-01-01,cell_pha_002,URLLC,0.30439773036158924,0.21856736144534378,17.122629009260663,-86.40601063301554,9.958173683968106,50.69947749638485,23,7,0.3169364137335311,78,632120,89,0,0.0030291652421683846,19,5.408155487175804,healthy,cleanroom_B,0
2026-01-01 16:15:00,2026-01-01,cell_pha_001,URLLC,0.305991922010728,0.2275096987957139,16.789203320920222,-85.24209872610085,11.726714520214676,42.75444591154943,19,7,0.2734910161726976,78,632120,73,0,0.005883030162069662,17,4.809869926200712,healthy,cleanroom_A,0
2026-01-01 16:15:00,2026-01-01,cell_pha_002,URLLC,0.2890337422855608,0.26819083451892156,18.26500612952105,-84.19149028221207,12.148069262474861,56.57241922639412,25,7,0.2799027045280026,78,632120,89,1,0.0015325506105098204,14,5.151837820743666,healthy,cleanroom_B,0
2026-01-01 16:20:00,2026-01-01,cell_pha_001,URLLC,0.30145017432980725,0.19449927496863115,18.82473738510753,-87.95897355918142,11.713337049086112,47.2889283808807,23,7,0.3059824188928543,78,632120,73,1,0.0,24,5.26974695248408,healthy,cleanroom_A,0
2026-01-01 16:20:00,2026-01-01,cell_pha_002,URLLC,0.3394359999606089,0.23737809435696433,16.457163779597785,-88.58845223771695,11.792549258465979,48.0357330487459,14,7,0.26186293391416365,78,632120,89,0,0.004169924927909063,19,4.661642023931957,healthy,cleanroom_B,0
2026-01-01 16:25:00,2026-01-01,cell_pha_001,URLLC,0.28075788493295173,0.23628029039680987,17.493043634152222,-86.02150100676786,10.98016412216866,46.7217432893068,26,7,0.29800112078452,78,632120,73,0,0.004875531244646316,14,5.878086731513932,healthy,cleanroom_A,0
2026-01-01 16:25:00,2026-01-01,cell_pha_002,URLLC,0.27947698309152974,0.2188071330571548,18.110617331584777,-85.73777100946879,11.173423051086955,46.83994907253515,16,7,0.3130438899593706,78,632120,89,0,0.002578894790705632,19,5.422098339463908,healthy,cleanroom_B,0
2026-01-01 16:30:00,2026-01-01,cell_pha_001,URLLC,0.30274239960820276,0.20048738641980415,19.783668517410256,-86.67892840948092,10.655329060926185,46.24255917949235,23,7,0.2882012071500457,78,632120,73,0,0.0028224993468768745,12,5.133842066839793,healthy,cleanroom_A,0
2026-01-01 16:30:00,2026-01-01,cell_pha_002,URLLC,0.21955856557199757,0.18946033828696957,16.082622495091535,-84.1993694001347,10.256886384017129,45.79755676015599,25,7,0.2540680560050602,78,632120,89,0,0.0012812447005963743,15,5.064199974403946,healthy,cleanroom_B,0
2026-01-01 16:35:00,2026-01-01,cell_pha_001,URLLC,0.2578732940779617,0.22073649497211964,19.092840900562386,-86.48201379505586,10.845924080459337,49.89183708745,23,7,0.2503921374038617,78,632120,73,1,0.0038919754327599626,19,5.919088389863334,healthy,cleanroom_A,0
2026-01-01 16:35:00,2026-01-01,cell_pha_002,URLLC,0.2978585818101412,0.23998861847539432,17.74205233353522,-85.23743701247308,10.617209286809858,43.21212852118135,21,7,0.29985314699619753,78,632120,89,0,0.002390631436834374,16,5.220480751216179,healthy,cleanroom_B,0
2026-01-01 16:40:00,2026-01-01,cell_pha_001,URLLC,0.24402968822454968,0.18876630592153626,18.216402408796696,-86.66646417829352,13.174094215686281,43.94461222181007,26,7,0.2723465934394461,78,632120,73,0,0.0042392384439906405,22,4.906236712006414,healthy,cleanroom_A,0
2026-01-01 16:40:00,2026-01-01,cell_pha_002,URLLC,0.26953681956396097,0.22678178767306076,17.66596027163868,-83.61090731597065,11.287746617861714,49.32407607758985,23,7,0.2585526911527036,78,632120,89,0,0.004680002767207971,22,5.185840007305794,healthy,cleanroom_B,0
2026-01-01 16:45:00,2026-01-01,cell_pha_001,URLLC,0.3176547525011417,0.22924525266175247,17.881652304671825,-86.66851933407982,10.918504079515534,49.843932144245464,17,7,0.2522146441172382,78,632120,73,1,0.0019160102923252592,20,5.0875825415336084,healthy,cleanroom_A,0
2026-01-01 16:45:00,2026-01-01,cell_pha_002,URLLC,0.2567377862796894,0.23501393574955354,17.37440630096391,-85.46463672617644,12.558417582335151,47.715466179214495,20,7,0.31653732535865997,78,632120,89,0,0.005962652295624964,20,5.0339614349641995,healthy,cleanroom_B,0
2026-01-01 16:50:00,2026-01-01,cell_pha_001,URLLC,0.2856142596031065,0.18054836172887262,17.575028316248062,-88.12275016022377,11.677393332491855,50.48381480234162,27,7,0.24779338602530612,78,632120,73,1,0.004703016139807262,25,6.016396180717869,healthy,cleanroom_A,0
2026-01-01 16:50:00,2026-01-01,cell_pha_002,URLLC,0.2599518998408411,0.2277035134454157,18.623561718649928,-88.50658862725768,12.191873443969138,46.84248367616514,26,7,0.2979356439494156,78,632120,89,0,0.0017217212781658205,21,6.395714375516171,healthy,cleanroom_B,0
2026-01-01 16:55:00,2026-01-01,cell_pha_001,URLLC,0.29063436864986375,0.21924117203305143,20.237255455220822,-84.73369821396068,11.551573567759375,52.15517888114592,27,7,0.26981916726088645,78,632120,73,0,0.002107725318087338,19,5.464385284409599,healthy,cleanroom_A,0
2026-01-01 16:55:00,2026-01-01,cell_pha_002,URLLC,0.2528773250155276,0.2000995167500662,15.41998785011638,-85.0601354153135,12.522838143849295,49.826671549731095,24,7,0.24641308520110788,78,632120,89,1,0.009162560644252138,20,5.585041312311542,healthy,cleanroom_B,0
2026-01-01 17:00:00,2026-01-01,cell_pha_001,URLLC,0.3096719386412662,0.1378356568917,17.74627583981644,-86.66954773254265,10.983534006477896,43.759474205255444,22,7,0.2721296200547774,78,632120,73,0,0.0031685920463041,22,5.7297963116275925,healthy,cleanroom_A,0
2026-01-01 17:00:00,2026-01-01,cell_pha_002,URLLC,0.23683674618279404,0.23258491816929144,15.906152749780134,-85.41506008370338,11.26131658865349,53.70162076630233,24,7,0.29978176654869865,78,632120,89,1,0.005466455843333704,13,5.657909193940731,healthy,cleanroom_B,0
2026-01-01 17:05:00,2026-01-01,cell_pha_001,URLLC,0.30342043269777336,0.22149221996333796,19.242974251263618,-87.33909831385701,11.388621059746614,46.9702327144894,23,7,0.27860674847053607,78,632120,73,0,0.002306755144832421,17,5.789373893726772,healthy,cleanroom_A,0
2026-01-01 17:05:00,2026-01-01,cell_pha_002,URLLC,0.28906123465300976,0.24342794734327566,18.459621343846905,-87.90642925610834,11.947585664726667,45.5541407136164,19,7,0.28750435938247165,78,632120,89,1,2.3375754326454556e-05,21,4.749237002380321,healthy,cleanroom_B,0
2026-01-01 17:10:00,2026-01-01,cell_pha_001,URLLC,0.31280603764648807,0.20798113240689967,19.00009460890871,-87.56502527542597,11.152908349814284,45.669746539181034,22,7,0.27253700151321447,78,632120,73,0,0.002723897877731801,19,4.994713831943344,healthy,cleanroom_A,0
2026-01-01 17:10:00,2026-01-01,cell_pha_002,URLLC,0.2784183587198759,0.25041690502308267,18.924719153997188,-88.20686605236035,12.383986589250245,51.75613069109599,26,7,0.2770211878929905,78,632120,89,0,0.0,13,6.170933180431774,healthy,cleanroom_B,0
2026-01-01 17:15:00,2026-01-01,cell_pha_001,URLLC,0.3211716230243073,0.24711400388204302,15.76011493399518,-87.5739452538707,11.833871797040489,41.61870736915242,23,7,0.26014047067304147,78,632120,73,1,0.0019392519794559915,20,5.7930367658479005,healthy,cleanroom_A,0
2026-01-01 17:15:00,2026-01-01,cell_pha_002,URLLC,0.28218604713485473,0.22103222487956584,17.60268554279475,-87.57264146380179,11.318501267359146,46.830583465737746,26,7,0.30008777346362675,78,632120,89,1,0.004077946121661572,18,5.596075680853804,healthy,cleanroom_B,0
2026-01-01 17:20:00,2026-01-01,cell_pha_001,URLLC,0.27853469242797974,0.27741358120205273,19.383955953732467,-86.4160073131905,10.369960575181201,46.565505226451535,27,7,0.28711253169453255,78,632120,73,0,0.006227274537323645,21,5.281504826193917,healthy,cleanroom_A,0
2026-01-01 17:20:00,2026-01-01,cell_pha_002,URLLC,0.27337543643349016,0.2413082462941353,17.153708571547575,-84.04290245026772,12.44682947174342,48.29913112897227,21,7,0.2819259212760714,78,632120,89,0,0.002286170967867372,14,5.127975738490407,healthy,cleanroom_B,0
2026-01-01 17:25:00,2026-01-01,cell_pha_001,URLLC,0.27241726928396726,0.25227116874479183,17.90859601319175,-82.53225331153575,12.089935316051946,49.52774395323926,21,7,0.3175050471669972,78,632120,73,0,0.005199505800128944,16,4.964895807484476,healthy,cleanroom_A,0
2026-01-01 17:25:00,2026-01-01,cell_pha_002,URLLC,0.26860294527674344,0.21219770381635003,16.930147648563935,-85.08681534270612,12.606315388587445,50.67008147322955,23,7,0.30986991821363014,78,632120,89,0,0.003661180455515879,20,5.653279832200437,healthy,cleanroom_B,0
2026-01-01 17:30:00,2026-01-01,cell_pha_001,URLLC,0.2996195869670535,0.22513722473801714,17.66017512547865,-88.13394297312462,13.052545152838684,45.87660641049385,23,7,0.2955663974482754,78,632120,73,0,0.005463715580615205,17,6.051657111812133,healthy,cleanroom_A,0
2026-01-01 17:30:00,2026-01-01,cell_pha_002,URLLC,0.280357885995897,0.2203916177702632,17.99766540371009,-88.05067082605134,12.235887325831552,45.190206547169254,22,7,0.3079212407017583,78,632120,89,0,0.007432937294721619,21,5.78171263082608,healthy,cleanroom_B,0
2026-01-01 17:35:00,2026-01-01,cell_pha_001,URLLC,0.3123696592042714,0.16954582730116963,14.446455970174053,-85.83096319937668,11.516410395957688,46.54589390414537,28,7,0.2898459686824094,78,632120,73,2,0.005172174006354712,26,5.573960535325741,healthy,cleanroom_A,0
2026-01-01 17:35:00,2026-01-01,cell_pha_002,URLLC,0.294847939135699,0.2012763683481118,16.839245521003914,-89.17586496818079,11.955972123289145,46.058166227738056,23,7,0.28004167938072766,78,632120,89,0,0.0073857511637640556,26,5.99573919732274,healthy,cleanroom_B,0
2026-01-01 17:40:00,2026-01-01,cell_pha_001,URLLC,0.34695358436477175,0.24179189539596876,16.560645735863396,-86.13806380793154,11.313044126946165,51.0489696076221,22,7,0.2850155108130701,78,632120,73,1,0.0022534189633438657,19,4.735301206063039,healthy,cleanroom_A,0
2026-01-01 17:40:00,2026-01-01,cell_pha_002,URLLC,0.2781905724065874,0.3098871728619443,17.077145850991414,-87.61584181171214,12.92213032339371,47.760460907682784,24,7,0.3199146702744584,78,632120,89,0,0.0,19,5.347023802120354,healthy,cleanroom_B,0
2026-01-01 17:45:00,2026-01-01,cell_pha_001,URLLC,0.32237823701908697,0.24810899625743024,18.263120701125356,-85.89305807975384,11.238633773985388,49.71060271173627,20,7,0.28410825040006443,78,632120,73,0,0.004266215486506704,19,5.950699498087186,healthy,cleanroom_A,0
2026-01-01 17:45:00,2026-01-01,cell_pha_002,URLLC,0.23591003673789088,0.18998422947527824,15.888586689133364,-86.59085280926645,11.635167066950423,47.29514788867629,19,7,0.28666722496414604,78,632120,89,0,0.0016606670020391208,22,5.1009006554398315,healthy,cleanroom_B,0
2026-01-01 17:50:00,2026-01-01,cell_pha_001,URLLC,0.3065256321613836,0.23804650007031758,16.920719306083246,-84.61153306790887,11.687414218006332,51.58949543455887,18,7,0.2725269803107095,78,632120,73,0,0.005343574425347694,21,5.353002451382659,healthy,cleanroom_A,0
2026-01-01 17:50:00,2026-01-01,cell_pha_002,URLLC,0.3060362830019534,0.172406300663434,18.300573252263447,-86.81236379269141,12.264346578714786,47.06475627328634,30,7,0.3006107315787699,78,632120,89,1,0.004122312061700391,16,5.5723453938189715,healthy,cleanroom_B,0
2026-01-01 17:55:00,2026-01-01,cell_pha_001,URLLC,0.3046668794668107,0.2516486828415788,17.011483897422224,-85.78918850762294,11.501281243567131,50.365833357795665,33,7,0.28875355544527814,78,632120,73,0,0.003535972662982375,21,6.1494332680175345,healthy,cleanroom_A,0
2026-01-01 17:55:00,2026-01-01,cell_pha_002,URLLC,0.24233019381113285,0.2346148545347701,19.623994920528276,-87.8621035670795,11.948725278554768,50.35557692018886,19,7,0.2669416938798621,78,632120,89,0,0.0075658174422500845,22,6.579767307813134,healthy,cleanroom_B,0
2026-01-01 18:00:00,2026-01-01,cell_pha_001,URLLC,0.21989892611799416,0.24221928129529222,17.7140279783784,-87.12968659068643,12.387995368270264,43.47864964309654,26,7,0.2992607877726545,78,632120,73,0,0.005328964964356871,17,5.247673707503812,healthy,cleanroom_A,0
2026-01-01 18:00:00,2026-01-01,cell_pha_002,URLLC,0.3392602935353658,0.17422429051801985,17.274951344341087,-85.4256932969428,11.57719028997045,46.6797329682386,21,7,0.2936255997019954,78,632120,89,0,0.0,21,5.80165470222123,healthy,cleanroom_B,0
2026-01-01 18:05:00,2026-01-01,cell_pha_001,URLLC,0.25307737837685707,0.23016815567386203,19.954957266073073,-82.35879193349359,11.401910601011751,49.44092345167256,24,7,0.2901198649519177,78,632120,73,0,0.0020860302167791914,17,6.218625253672942,healthy,cleanroom_A,0
2026-01-01 18:05:00,2026-01-01,cell_pha_002,URLLC,0.3157465243795044,0.26536430674365763,16.85857905144328,-83.2941042751207,12.497028977621213,50.964853209307975,24,7,0.2825341177372117,78,632120,89,0,0.00499332077065716,25,5.371805659944418,healthy,cleanroom_B,0
2026-01-01 18:10:00,2026-01-01,cell_pha_001,URLLC,0.3121760009413059,0.24277111434955106,17.6072704062192,-84.00519012737236,11.398947985599353,47.92071013577791,18,7,0.2964185804066619,78,632120,73,0,0.0014159108362027215,22,6.015965100678154,healthy,cleanroom_A,0
2026-01-01 18:10:00,2026-01-01,cell_pha_002,URLLC,0.25557137340780156,0.2357967175148072,19.773424762432878,-85.16180322178653,11.628239717749686,54.067768213994704,25,7,0.25610478791295505,78,632120,89,0,0.0018987870941777024,21,5.780849085529957,healthy,cleanroom_B,0
2026-01-01 18:15:00,2026-01-01,cell_pha_001,URLLC,0.3139427311150819,0.2256422210289711,18.880848049413743,-85.69929841838562,12.88172656005764,48.944901861455364,24,7,0.31425126217451554,78,632120,73,0,0.001349615256004332,19,6.1828605404402746,healthy,cleanroom_A,0
2026-01-01 18:15:00,2026-01-01,cell_pha_002,URLLC,0.2888850875388622,0.2497430827995254,17.774202702866543,-87.24044876532041,11.27948641526521,46.30558994669272,23,7,0.2718464896598177,78,632120,89,0,0.007585045711848807,12,6.037103759267229,healthy,cleanroom_B,0
2026-01-01 18:20:00,2026-01-01,cell_pha_001,URLLC,0.2702823257821435,0.2287513302728232,17.965149526248755,-83.00788037238632,11.832829373950055,53.770881661268156,22,7,0.2831304109433694,78,632120,73,1,0.0036654253556124153,27,5.549185721814048,healthy,cleanroom_A,0
2026-01-01 18:20:00,2026-01-01,cell_pha_002,URLLC,0.2796066570700999,0.21050131584814427,17.890949859957225,-86.37617380126666,12.348309187141028,50.69208437706007,26,7,0.2976702869157004,78,632120,89,0,0.003835923295283534,17,5.487979280060395,healthy,cleanroom_B,0
2026-01-01 18:25:00,2026-01-01,cell_pha_001,URLLC,0.25208189335931463,0.21197462434254224,16.287777345384104,-83.59338500594697,12.422217910433647,47.20777209002441,19,7,0.27242375189927853,78,632120,73,0,0.007818830161893137,17,6.38799515415628,healthy,cleanroom_A,0
2026-01-01 18:25:00,2026-01-01,cell_pha_002,URLLC,0.3156500961507681,0.21063714039861126,19.200822483877218,-84.9027585352927,12.357784088469863,42.710743217298216,20,7,0.26954435857152853,78,632120,89,0,0.005551887051601892,20,6.033724217430766,healthy,cleanroom_B,0
2026-01-01 18:30:00,2026-01-01,cell_pha_001,URLLC,0.31861510727524267,0.20394911637074878,18.386595253049933,-84.60916027146682,11.070321764174563,50.33164960936838,28,7,0.30555351867497155,78,632120,73,0,0.0040768813713372605,22,5.287382354428929,healthy,cleanroom_A,0
2026-01-01 18:30:00,2026-01-01,cell_pha_002,URLLC,0.27879627826590014,0.24146614155111998,16.340589406930693,-86.9399473392688,11.998891529528793,47.464945696467296,21,7,0.3020032025680419,78,632120,89,0,0.0009730660561872288,24,6.301477878054832,healthy,cleanroom_B,0
2026-01-01 18:35:00,2026-01-01,cell_pha_001,URLLC,0.2597605534545303,0.20232187422808012,18.99257349184809,-86.1142984080797,11.148096493488191,45.1843663580723,24,7,0.3262157666784233,78,632120,73,0,0.0047883550444664455,19,5.3017324868828535,healthy,cleanroom_A,0
2026-01-01 18:35:00,2026-01-01,cell_pha_002,URLLC,0.27897921991950775,0.2588785806485279,16.920713464624075,-85.75858679507593,12.712783638550466,43.193175817947015,23,7,0.2611036282627362,78,632120,89,0,0.00386760334084243,27,6.425867395007349,healthy,cleanroom_B,0
2026-01-01 18:40:00,2026-01-01,cell_pha_001,URLLC,0.3069769321543333,0.23674351035848962,19.289508798457607,-86.24168527618455,11.7188906863269,49.87257934265207,20,7,0.2668004866254073,78,632120,73,0,0.005425085490210057,16,4.931989655056604,healthy,cleanroom_A,0
2026-01-01 18:40:00,2026-01-01,cell_pha_002,URLLC,0.2656516858597542,0.23421015672450404,18.869490427914222,-86.57970930907537,12.791412548050337,47.108565788309576,24,7,0.29408412891470825,78,632120,89,0,0.00769202157799552,16,6.045883820276431,healthy,cleanroom_B,0
2026-01-01 18:45:00,2026-01-01,cell_pha_001,URLLC,0.32250833247371946,0.24422461702068846,17.11071719235767,-84.80619201796671,12.870683052784267,48.04951552860093,29,7,0.29706236741832925,78,632120,73,0,0.0015358595775832986,16,6.2103071552532105,healthy,cleanroom_A,0
2026-01-01 18:45:00,2026-01-01,cell_pha_002,URLLC,0.29057258137030123,0.2019791011669199,17.096515121726107,-85.11505873195564,12.07184926261537,50.3512793021934,26,7,0.2726267991358854,78,632120,89,0,0.0,18,5.771285881651595,healthy,cleanroom_B,0
2026-01-01 18:50:00,2026-01-01,cell_pha_001,URLLC,0.24324007955252205,0.2251334169559381,16.605540784768223,-85.36142810812264,11.509871351274834,46.45964403885267,25,7,0.24586012929890297,78,632120,73,0,0.002143826098941054,13,5.927083088303011,healthy,cleanroom_A,0
2026-01-01 18:50:00,2026-01-01,cell_pha_002,URLLC,0.2503744666045392,0.240352086258899,19.450649646845225,-85.0395464485014,11.988218662710395,50.436288638053796,21,7,0.2747575007165953,78,632120,89,0,0.002991761717698437,19,5.927490608994918,healthy,cleanroom_B,0
2026-01-01 18:55:00,2026-01-01,cell_pha_001,URLLC,0.2983039151139133,0.2186964809647322,17.68505629802004,-85.75032673407766,12.615308573912666,45.842743563334615,25,7,0.26082917051307336,78,632120,73,1,0.004542404559036311,11,5.791161185407087,healthy,cleanroom_A,0
2026-01-01 18:55:00,2026-01-01,cell_pha_002,URLLC,0.2780451514557793,0.2701084126236325,18.452823406671026,-83.42852798002353,11.44811965004393,44.38794925849182,26,7,0.29637369398616065,78,632120,89,0,0.004331424274739131,15,6.090494112469776,healthy,cleanroom_B,0
2026-01-01 19:00:00,2026-01-01,cell_pha_001,URLLC,0.2873883427448158,0.23481168143380746,17.512480264592085,-86.86879247678735,12.209385139877211,48.492442080229274,19,7,0.29943518925703894,78,632120,73,0,0.005401320688182111,21,5.603578272573942,healthy,cleanroom_A,0
2026-01-01 19:00:00,2026-01-01,cell_pha_002,URLLC,0.24361328096374435,0.21627001537453297,18.330941082861163,-85.70610190333404,12.633194497841666,52.02334683504386,26,7,0.3313065750424204,78,632120,89,1,0.000690019763174724,22,5.533402441578562,healthy,cleanroom_B,0
2026-01-01 19:05:00,2026-01-01,cell_pha_001,URLLC,0.29162487543443383,0.23471105798205646,16.695072646328928,-83.74682727800808,12.285519310111722,51.07927704164165,20,7,0.30703799403974896,78,632120,73,0,0.005013100228266078,20,5.697754385286464,healthy,cleanroom_A,0
2026-01-01 19:05:00,2026-01-01,cell_pha_002,URLLC,0.30804046188688994,0.23179422709442274,17.788926010225193,-85.30828041296024,12.891528908024048,48.51101631242037,24,7,0.2766340283869643,78,632120,89,1,0.00353150194774004,21,5.438733596251405,healthy,cleanroom_B,0
2026-01-01 19:10:00,2026-01-01,cell_pha_001,URLLC,0.24216628805958598,0.21351483330034104,18.154160327151583,-85.84789994989211,13.549542500975377,47.73612284705647,24,7,0.28108708754742784,78,632120,73,0,0.007355455736933047,23,6.266419566175804,healthy,cleanroom_A,0
2026-01-01 19:10:00,2026-01-01,cell_pha_002,URLLC,0.2769185815997531,0.2209472236684415,17.231074869440015,-85.29097536164208,11.88851374162036,47.67836649314329,31,7,0.27462456004286173,78,632120,89,0,0.007627141699357897,22,6.335490794596574,healthy,cleanroom_B,0
2026-01-01 19:15:00,2026-01-01,cell_pha_001,URLLC,0.3375449318388631,0.1601227724164062,12.423062498162198,-83.72091848653173,12.050570005054816,50.02206960694859,15,7,0.25701841928857744,78,632120,73,0,0.007072037506791513,19,6.166157695678308,healthy,cleanroom_A,0
2026-01-01 19:15:00,2026-01-01,cell_pha_002,URLLC,0.22415830734336936,0.24075592067011192,18.391793164471537,-83.37536912083056,12.70229647906785,46.764971662982816,27,7,0.24507551812559691,78,632120,89,0,0.006877099372880146,13,6.146943501910786,healthy,cleanroom_B,0
2026-01-01 19:20:00,2026-01-01,cell_pha_001,URLLC,0.2980331183206004,0.20355522625468891,15.963696060109159,-86.25878297897597,11.298250517437234,50.331385377826585,18,7,0.27243924731431457,78,632120,73,0,0.0041104747988900976,20,6.176707902590261,healthy,cleanroom_A,0
2026-01-01 19:20:00,2026-01-01,cell_pha_002,URLLC,0.2771350578007107,0.2295278467249503,18.02343393106518,-86.27925659399618,12.678547171747455,51.00609597993074,22,7,0.2907041233807741,78,632120,89,0,0.00461060435807643,17,5.847828151367164,healthy,cleanroom_B,0
2026-01-01 19:25:00,2026-01-01,cell_pha_001,URLLC,0.29148685285485076,0.22694640475834962,17.060254809101178,-84.72549462132726,12.456445426723699,43.06259648373296,22,7,0.2949089775511927,78,632120,73,0,0.003240163308699642,18,5.83092858392667,healthy,cleanroom_A,0
2026-01-01 19:25:00,2026-01-01,cell_pha_002,URLLC,0.2531173357667266,0.2743380304467736,19.315280868922397,-86.52757874228249,11.741087222776802,49.802235488654276,23,7,0.2722063597738288,78,632120,89,0,0.0,22,6.761313946196564,healthy,cleanroom_B,0
2026-01-01 19:30:00,2026-01-01,cell_pha_001,URLLC,0.31433780016482143,0.23796502517968207,15.443604587371247,-85.9695379901594,12.634105582223315,47.16421268158139,21,7,0.3278698564975827,78,632120,73,0,0.0030074230010531883,24,5.704097558270102,healthy,cleanroom_A,0
2026-01-01 19:30:00,2026-01-01,cell_pha_002,URLLC,0.357109659428338,0.1747487983800446,13.901714217506983,-86.36205418205205,12.576714618743353,49.148537126595436,23,7,0.2960029466164597,78,632120,89,0,0.002007605866796985,24,6.443590907056006,healthy,cleanroom_B,0
2026-01-01 19:35:00,2026-01-01,cell_pha_001,URLLC,0.28585846295469114,0.16868595851280174,21.465837386588216,-86.81517549095514,12.589943594116457,48.454040800970226,27,7,0.2970457849250621,78,632120,73,1,0.0059931814029232,20,6.03337535453587,healthy,cleanroom_A,0
2026-01-01 19:35:00,2026-01-01,cell_pha_002,URLLC,0.22654802502696703,0.25403597346091655,18.192704947242632,-84.85145671116183,12.513000193420622,49.98382532664913,27,7,0.3132150678012163,78,632120,89,0,0.003159688493434141,22,5.095756031129509,healthy,cleanroom_B,0
2026-01-01 19:40:00,2026-01-01,cell_pha_001,URLLC,0.2916441076992454,0.22974044959686551,16.756790519772274,-84.32434128281595,13.114597291717505,47.61053948498234,27,7,0.29820630950996463,78,632120,73,0,0.0,20,5.289470283189242,healthy,cleanroom_A,0
2026-01-01 19:40:00,2026-01-01,cell_pha_002,URLLC,0.26212890173759784,0.27782109265690685,20.533492847567622,-86.52114675572929,12.374893739819171,49.69922603219243,24,7,0.2735723654743402,78,632120,89,0,0.004804478422621237,26,4.335643961764155,healthy,cleanroom_B,0
2026-01-01 19:45:00,2026-01-01,cell_pha_001,URLLC,0.35615449688283857,0.22952231346398264,17.56478232183911,-85.82485986819115,12.634638870517657,51.33117291707239,24,7,0.2872352752864942,78,632120,73,0,0.007009455382563616,17,6.347569728730538,healthy,cleanroom_A,0
2026-01-01 19:45:00,2026-01-01,cell_pha_002,URLLC,0.29607978414775676,0.1926376446943062,17.56287560712749,-87.09197072804618,11.453789935611352,53.307249977310356,28,7,0.28411528392519014,78,632120,89,0,0.0010403303434000657,20,5.796099998651014,healthy,cleanroom_B,0
2026-01-01 19:50:00,2026-01-01,cell_pha_001,URLLC,0.2567317156221519,0.23231106108014613,20.347190789072,-86.70501307852302,13.340786318326584,48.616067046754374,19,7,0.2814511902869677,78,632120,73,0,0.0015166821831882837,24,6.266015199028762,healthy,cleanroom_A,0
2026-01-01 19:50:00,2026-01-01,cell_pha_002,URLLC,0.3367650649119882,0.23399478450248523,16.945157940492173,-85.14140733795597,12.289268361465943,44.966901939890235,26,7,0.28382034656936034,78,632120,89,0,0.0015960865221954263,18,5.995032199766217,healthy,cleanroom_B,0
2026-01-01 19:55:00,2026-01-01,cell_pha_001,URLLC,0.28438711170896525,0.21387191536578104,17.150807686962956,-88.83555837156314,12.388345327684206,44.012103831234604,25,7,0.29461428054681976,78,632120,73,0,0.00509615906194165,30,6.255845442979082,healthy,cleanroom_A,0
2026-01-01 19:55:00,2026-01-01,cell_pha_002,URLLC,0.27475210353988483,0.1606400299933193,17.852781816670024,-84.61043487825013,12.19956833908232,45.566110995639754,21,7,0.28266677827356146,78,632120,89,0,0.0012264474239018965,14,6.189320953243503,healthy,cleanroom_B,0
2026-01-01 20:00:00,2026-01-01,cell_pha_001,URLLC,0.3088649362943874,0.26338312329829416,19.326890100183466,-85.14543817771596,23.324286192537734,50.19813282830807,23,7,0.6995176352096917,78,632120,73,1,0.06397177288259792,22,8.859866257761254,degraded,cleanroom_A,1
2026-01-01 20:00:00,2026-01-01,cell_pha_002,URLLC,0.3194570988623285,0.2559751140603162,17.57438429711533,-84.19168915327957,12.010977892833749,51.41060590035169,20,7,0.26381670325335016,78,632120,89,0,0.00331286473992379,18,6.489810510367949,healthy,cleanroom_B,0
2026-01-01 20:05:00,2026-01-01,cell_pha_001,URLLC,0.3405342811481768,0.22531690435804336,19.179684358752702,-82.32829586961064,23.118063004664545,49.38222603035539,24,7,0.7189791056568706,78,632120,73,0,0.05987733417160201,14,8.491264433972082,degraded,cleanroom_A,1
2026-01-01 20:05:00,2026-01-01,cell_pha_002,URLLC,0.2691342659783506,0.21847072404084245,18.97986720255515,-86.08978159654377,12.271845743075,51.396154101632035,26,7,0.3102817959919365,78,632120,89,1,0.002382380901478183,27,6.755615281881286,healthy,cleanroom_B,0
2026-01-01 20:10:00,2026-01-01,cell_pha_001,URLLC,0.28077023360974,0.2134992023783224,19.9779467800096,-85.13589574465792,23.40230709078658,51.56067403379724,29,7,0.7267328328579284,78,632120,73,0,0.06607177851532244,21,9.502970139354387,degraded,cleanroom_A,1
2026-01-01 20:10:00,2026-01-01,cell_pha_002,URLLC,0.28157836227734145,0.19403867018780474,19.641719995487783,-84.92505340029027,12.41714292282482,47.280858664407596,28,7,0.291508494711041,78,632120,89,0,0.0035946637333902054,20,6.1977129926227645,healthy,cleanroom_B,0
2026-01-01 20:15:00,2026-01-01,cell_pha_001,URLLC,0.2935576685018095,0.21117542695463307,17.639917264701786,-86.36374518811705,23.482514774480975,48.41326107683139,29,7,0.7212133770990261,78,632120,73,1,0.06532004669923631,14,8.821982576249606,degraded,cleanroom_A,1
2026-01-01 20:15:00,2026-01-01,cell_pha_002,URLLC,0.25923741530114897,0.21267631684742144,17.776437364136562,-86.03014182256369,12.597698109473013,49.5868066408737,19,7,0.2736462490994533,78,632120,89,0,0.006239451277593143,15,6.440626471024135,healthy,cleanroom_B,0
2026-01-01 20:20:00,2026-01-01,cell_pha_001,URLLC,0.19663991075001852,0.2567388807279941,15.779719976738075,-88.73497571528418,23.78508179733403,49.98964632076949,26,7,0.7249206146929746,78,632120,73,0,0.06552765300018486,24,7.760172505098767,degraded,cleanroom_A,1
2026-01-01 20:20:00,2026-01-01,cell_pha_002,URLLC,0.2838934696738553,0.1926494117101529,18.072122706661002,-84.82918833575525,11.102108992248546,47.37968350934432,19,7,0.3489135631171636,78,632120,89,1,0.005738442869651621,14,5.25591864320313,healthy,cleanroom_B,0
2026-01-01 20:25:00,2026-01-01,cell_pha_001,URLLC,0.28363113818990726,0.26578909599959316,16.59222515425628,-85.34372342994932,23.589526809700263,47.74503059718975,24,7,0.7401671961534658,78,632120,73,0,0.06876908992610507,19,9.305678064656671,degraded,cleanroom_A,1
2026-01-01 20:25:00,2026-01-01,cell_pha_002,URLLC,0.25748874075020567,0.26495260826950967,16.885481815396606,-86.30989889085124,12.719260412224898,43.793712011871705,26,7,0.31494099087554317,78,632120,89,0,0.0030125068217545636,22,5.892746417193157,healthy,cleanroom_B,0
2026-01-01 20:30:00,2026-01-01,cell_pha_001,URLLC,0.2872905268404458,0.21058172635756445,14.991350096133973,-87.44927805810866,23.322991983976646,50.76674382351581,19,7,0.7088456513213559,78,632120,73,0,0.06445239989355284,26,8.462087373093985,degraded,cleanroom_A,1
2026-01-01 20:30:00,2026-01-01,cell_pha_002,URLLC,0.1904253239767023,0.2363572661328537,18.576852351289077,-87.50521911425612,11.772066875735023,49.82019953223518,19,7,0.2954069965813387,78,632120,89,0,0.004562791817596007,21,6.163328518876636,healthy,cleanroom_B,0
2026-01-01 20:35:00,2026-01-01,cell_pha_001,URLLC,0.31077796394740687,0.17466331940512286,16.488851643727543,-84.40329430877124,24.176536825273622,45.06186598743212,23,7,0.6825084436815039,78,632120,73,0,0.065908347118829,13,8.748488098149748,degraded,cleanroom_A,1
2026-01-01 20:35:00,2026-01-01,cell_pha_002,URLLC,0.3056401925947392,0.1539322969306433,17.636814704414828,-85.47997887688443,13.192843194541299,46.06873315850308,28,7,0.2894007673243521,78,632120,89,0,0.0006589747803700473,21,6.454317933625923,healthy,cleanroom_B,0
2026-01-01 20:40:00,2026-01-01,cell_pha_001,URLLC,0.34399481554009975,0.21814350294617815,16.5513074334487,-88.01659220492496,23.26160487708333,50.272271454151145,19,7,0.706903079362978,78,632120,73,1,0.0632426855152359,23,9.011903623958954,degraded,cleanroom_A,1
2026-01-01 20:40:00,2026-01-01,cell_pha_002,URLLC,0.3396807867574484,0.21710854559324538,17.038801825437137,-85.0332288669767,13.368103149944549,44.40883693373029,22,7,0.28272791684846504,78,632120,89,0,0.0036042520663756863,19,5.853747972338026,healthy,cleanroom_B,0
2026-01-01 20:45:00,2026-01-01,cell_pha_001,URLLC,0.29061251435117486,0.23931978035593704,18.108827120861296,-84.92108714461952,23.365487746021202,52.92854450655955,20,7,0.7324464656008256,78,632120,73,0,0.06182367006817646,15,8.83273212218457,degraded,cleanroom_A,1
2026-01-01 20:45:00,2026-01-01,cell_pha_002,URLLC,0.2531718398753934,0.28155438267816874,14.39874018151728,-88.17386222097697,13.36682191240928,54.166430575855856,21,7,0.2686463763975504,78,632120,89,0,0.004725125229159389,21,6.274748031545724,healthy,cleanroom_B,0
2026-01-01 20:50:00,2026-01-01,cell_pha_001,URLLC,0.2594288013678108,0.226564581131404,18.353756381881055,-87.93400279610293,23.002233225464487,53.43610167323636,22,7,0.6930940438920644,78,632120,73,0,0.06056871445706401,21,9.158677531368932,degraded,cleanroom_A,1
2026-01-01 20:50:00,2026-01-01,cell_pha_002,URLLC,0.25874465539543245,0.20320192616915345,17.447097835470643,-83.38652923070565,13.527080016915383,47.02620931230896,24,7,0.3112230591821941,78,632120,89,1,0.001892969319455973,29,6.7492339523115,healthy,cleanroom_B,0
2026-01-01 20:55:00,2026-01-01,cell_pha_001,URLLC,0.2931644957008509,0.26356264396117945,17.665046373939116,-87.97044216350625,23.271923186307514,45.89632202210569,20,7,0.7366985221325689,78,632120,73,0,0.06331596236323844,18,8.677877728314545,degraded,cleanroom_A,1
2026-01-01 20:55:00,2026-01-01,cell_pha_002,URLLC,0.30345220684143454,0.23473163814426357,17.146423911855823,-84.07100395298258,13.557863120677055,43.644883758703806,23,7,0.3291807190787601,78,632120,89,0,0.00636080588029566,20,6.1328171532433,healthy,cleanroom_B,0
2026-01-01 21:00:00,2026-01-01,cell_pha_001,URLLC,0.27590578864364945,0.2634313894982221,16.209635278455565,-83.4879729998879,22.770849064531767,41.7461827420378,25,7,0.7295541563591278,78,632120,73,1,0.06584014033434593,23,8.789752218913584,degraded,cleanroom_A,1
2026-01-01 21:00:00,2026-01-01,cell_pha_002,URLLC,0.25595683660734414,0.18460084955161973,19.024510711936294,-86.30653915480443,12.519780812501095,46.07510268258595,29,7,0.2853778439996843,78,632120,89,0,0.0023062272077984092,13,5.249735526437843,healthy,cleanroom_B,0
2026-01-01 21:05:00,2026-01-01,cell_pha_001,URLLC,0.2656774413577688,0.2684273828312469,16.7061168071442,-85.17956072747594,23.099282894267745,48.217719241773054,26,7,0.7074116027390935,78,632120,73,0,0.0664708443530288,19,8.958296773646962,degraded,cleanroom_A,1
2026-01-01 21:05:00,2026-01-01,cell_pha_002,URLLC,0.28732834846827726,0.19696613320805692,16.028176640897534,-85.94876308468882,13.83162368235901,53.13330468108861,16,7,0.3312894639297293,78,632120,89,0,0.0,20,6.138287083658203,healthy,cleanroom_B,0
2026-01-01 21:10:00,2026-01-01,cell_pha_001,URLLC,0.2819792350931801,0.27143140961069806,15.718256010752075,-86.34520428966745,22.48774678224853,48.68754850435252,23,7,0.7293054899654932,78,632120,73,1,0.06304711173074393,19,9.334842869259411,degraded,cleanroom_A,1
2026-01-01 21:10:00,2026-01-01,cell_pha_002,URLLC,0.32471324842301574,0.19505902903608086,16.56158122976559,-85.78224982940448,12.829428397773096,48.41009760998164,23,7,0.2858802831382042,78,632120,89,0,0.006121016122407095,13,6.587080742541087,healthy,cleanroom_B,0
2026-01-01 21:15:00,2026-01-01,cell_pha_001,URLLC,0.30981653810433774,0.22625997696891947,16.699394417725088,-84.85827417529052,12.407953669378271,51.6393697513964,23,7,0.3197687313776197,78,632120,73,1,0.006565179925383832,23,6.014311695976244,healthy,cleanroom_A,0
2026-01-01 21:15:00,2026-01-01,cell_pha_002,URLLC,0.27106275057144075,0.21909929656574587,18.3604736247852,-84.65927246966362,13.989609441456496,48.071593263568744,22,7,0.28189356003898763,78,632120,89,0,0.0032104145792004393,20,6.335254282008166,healthy,cleanroom_B,0
2026-01-01 21:20:00,2026-01-01,cell_pha_001,URLLC,0.24050075714025973,0.18889819459723944,17.154779633913666,-86.79600033460864,12.903441571623327,47.4869036351468,27,7,0.31022920018616446,78,632120,73,0,0.008520747736234305,18,6.2617307111424525,healthy,cleanroom_A,0
2026-01-01 21:20:00,2026-01-01,cell_pha_002,URLLC,0.2872341907600007,0.21197118805311765,16.845701655767613,-84.92247805800375,14.059157326357916,53.441208210944154,27,7,0.31674429208758537,78,632120,89,0,0.007138456152269402,20,5.913455001382421,healthy,cleanroom_B,0
2026-01-01 21:25:00,2026-01-01,cell_pha_001,URLLC,0.29431358613638414,0.21033932114085596,16.24970340368783,-86.97262718745262,12.18446566449477,46.310699767559086,24,7,0.31163641457924035,78,632120,73,0,0.004030863643565349,21,5.797805173474643,healthy,cleanroom_A,0
2026-01-01 21:25:00,2026-01-01,cell_pha_002,URLLC,0.37305657411234594,0.2163197133665584,14.995836697402146,-86.1786875505745,12.941223837975057,49.6104523697936,26,7,0.3153232950485829,78,632120,89,1,0.0034933775167494793,11,6.541720176607785,healthy,cleanroom_B,0
2026-01-01 21:30:00,2026-01-01,cell_pha_001,URLLC,0.3169841106780658,0.19132352235916222,17.75819554930234,-85.88863454796197,14.820351101669171,44.1579382459768,21,7,0.30539117907792945,78,632120,73,0,0.005556102616898663,25,5.792699043364125,healthy,cleanroom_A,0
2026-01-01 21:30:00,2026-01-01,cell_pha_002,URLLC,0.30940701306167995,0.20318945522733398,15.918463239772777,-83.64418459892148,12.628558268391995,48.33587772433313,21,7,0.2971122289680866,78,632120,89,0,0.001136930072783193,15,5.434149256800281,healthy,cleanroom_B,0
2026-01-01 21:35:00,2026-01-01,cell_pha_001,URLLC,0.2970005172091326,0.25664416600622714,18.927735816460043,-85.88265677846475,14.51159076316453,43.659163435723194,25,7,0.31337537788888803,78,632120,73,0,0.0,27,6.211918965682651,healthy,cleanroom_A,0
2026-01-01 21:35:00,2026-01-01,cell_pha_002,URLLC,0.283080693128634,0.20490992461843738,15.763869330650838,-85.58026960247132,12.67066883882387,47.24227788602639,31,7,0.29442625683204593,78,632120,89,0,0.0017000497223157588,18,6.873482075214356,healthy,cleanroom_B,0
2026-01-01 21:40:00,2026-01-01,cell_pha_001,URLLC,0.23140795918564783,0.16492903928718694,17.101892150434757,-85.43099125057364,13.234375217568532,42.64882533571633,19,7,0.31410930617220667,78,632120,73,0,0.007598339428028442,20,6.482343809909859,healthy,cleanroom_A,0
2026-01-01 21:40:00,2026-01-01,cell_pha_002,URLLC,0.2906386348232507,0.21295211715255183,16.21754639511614,-85.03785052289942,12.47596811402363,51.56504976181605,24,7,0.2914379687895033,78,632120,89,0,0.005555646870675515,16,5.997751090228794,healthy,cleanroom_B,0
2026-01-01 21:45:00,2026-01-01,cell_pha_001,URLLC,0.3144055526545014,0.19478128878507567,18.358516538785956,-84.3865468980817,12.684266022626643,50.20267049707841,29,7,0.3333921749603912,78,632120,73,0,0.007890040817374943,20,6.320565575347762,healthy,cleanroom_A,0
2026-01-01 21:45:00,2026-01-01,cell_pha_002,URLLC,0.2987364527766509,0.2836111074712757,16.259457413779074,-86.67565795673877,12.84749462347043,52.83270280924313,24,7,0.2867029604353572,78,632120,89,0,0.008278556997331227,20,5.912882736934898,healthy,cleanroom_B,0
2026-01-01 21:50:00,2026-01-01,cell_pha_001,URLLC,0.30183138736098286,0.18486730042889782,16.9115628104804,-85.23215613192613,13.59280152299184,45.3157380378957,30,7,0.2644829261155492,78,632120,73,0,0.004808685208730845,13,6.401222668767041,healthy,cleanroom_A,0
2026-01-01 21:50:00,2026-01-01,cell_pha_002,URLLC,0.3374297622581135,0.2124031389214766,17.842379141768188,-84.24799492201011,13.408348851722069,47.9699493146511,20,7,0.2867553815804872,78,632120,89,1,0.003824295194964125,24,5.730297140858789,healthy,cleanroom_B,0
2026-01-01 21:55:00,2026-01-01,cell_pha_001,URLLC,0.27252895882168593,0.18610613805111845,18.374307342748953,-86.9725376204374,13.153520851205405,46.69512450259157,29,7,0.27947526426399427,78,632120,73,0,0.0005460520661773054,15,6.3543900868472605,healthy,cleanroom_A,0
2026-01-01 21:55:00,2026-01-01,cell_pha_002,URLLC,0.27713956484511837,0.21892063911425513,17.199021090736075,-85.03865876218681,12.018467331850074,53.67219052830362,15,7,0.2910424382348095,78,632120,89,0,0.0014646007696494695,19,7.125169869523227,healthy,cleanroom_B,0
2026-01-01 22:00:00,2026-01-01,cell_pha_001,URLLC,0.2859130975261361,0.21391691933008544,17.045222569302805,-83.69230202895722,13.835275575914531,45.28664032111187,25,7,0.3237487000832726,78,632120,73,0,0.0011657707861329985,23,7.08106930931379,healthy,cleanroom_A,0
2026-01-01 22:00:00,2026-01-01,cell_pha_002,URLLC,0.2772731157975359,0.22099739549033984,17.561181757672042,-83.41763462405463,13.70852356600811,51.717516186264085,28,7,0.3166716891256688,78,632120,89,0,0.007548658682037385,18,6.764341206456894,healthy,cleanroom_B,0
2026-01-01 22:05:00,2026-01-01,cell_pha_001,URLLC,0.2600698546128102,0.22387126985761704,17.748035894457516,-85.60186393154059,13.743626183873983,47.93487462033689,22,7,0.32362878967041964,78,632120,73,0,0.004788953135493408,25,6.314063644905027,healthy,cleanroom_A,0
2026-01-01 22:05:00,2026-01-01,cell_pha_002,URLLC,0.28438394922870847,0.29780644006207924,15.86710482572086,-83.81409370508216,12.989959463683537,50.01818813549324,26,7,0.3147498251524641,78,632120,89,0,0.00588955376047093,20,6.51398069873002,healthy,cleanroom_B,0
2026-01-01 22:10:00,2026-01-01,cell_pha_001,URLLC,0.27257160900626726,0.21353720339543625,14.81335286614922,-86.99258539728221,11.98937560762673,46.36703462318175,22,7,0.2795169240679374,78,632120,73,1,0.0018186022272960872,17,6.466141490914785,healthy,cleanroom_A,0
2026-01-01 22:10:00,2026-01-01,cell_pha_002,URLLC,0.2471591083890739,0.2187057896779167,18.552628824392055,-85.82298537030631,13.18684733171008,46.74064686744955,18,7,0.29635307314281795,78,632120,89,0,0.0020801114156496223,23,6.105434891128073,healthy,cleanroom_B,0
2026-01-01 22:15:00,2026-01-01,cell_pha_001,URLLC,0.28489210623798106,0.24921220880293996,20.69010312309719,-86.83885465009249,14.79085658063648,50.27446878532379,24,7,0.305997128939393,78,632120,73,0,0.007127773705780448,21,7.2294670123754265,healthy,cleanroom_A,0
2026-01-01 22:15:00,2026-01-01,cell_pha_002,URLLC,0.24558200525615612,0.19351084281658076,15.016974637139903,-85.37836500578204,12.749150050096798,43.63332923606373,24,7,0.28614063641564325,78,632120,89,0,0.005033683232763761,23,6.436144279609716,healthy,cleanroom_B,0
2026-01-01 22:20:00,2026-01-01,cell_pha_001,URLLC,0.3181321561258043,0.1496263527248981,18.423295350088118,-86.43569476121067,13.67921066735472,49.128286102661974,23,7,0.31746091987795455,78,632120,73,0,0.004524198272728724,26,7.0696758711438275,healthy,cleanroom_A,0
2026-01-01 22:20:00,2026-01-01,cell_pha_002,URLLC,0.23324748160849373,0.239496339204777,17.03885715720716,-84.9808963629101,14.241150355237828,47.045380583602245,27,7,0.27206343800288196,78,632120,89,0,0.0010713870349343276,19,5.9493923772195885,healthy,cleanroom_B,0
2026-01-01 22:25:00,2026-01-01,cell_pha_001,URLLC,0.2722503892818665,0.21621773390890273,17.316649011350155,-86.9865291631887,14.458263475694592,44.74328929525349,24,7,0.29791064436508574,78,632120,73,0,0.0,19,6.056527825505448,healthy,cleanroom_A,0
2026-01-01 22:25:00,2026-01-01,cell_pha_002,URLLC,0.31784605224433155,0.23773160426927425,17.863864701553535,-84.24490039367052,13.160631225008958,46.64699631165962,20,7,0.29030082812189606,78,632120,89,0,0.003981409133386026,15,5.664840217332789,healthy,cleanroom_B,0
2026-01-01 22:30:00,2026-01-01,cell_pha_001,URLLC,0.29756816925429347,0.16720569209390523,16.75006679801926,-88.40450012229266,14.176473797156016,47.77141298392815,25,7,0.2860565582392722,78,632120,73,0,0.007718726444806238,18,5.97593335259777,healthy,cleanroom_A,0
2026-01-01 22:30:00,2026-01-01,cell_pha_002,URLLC,0.26058950134145625,0.22113168690046714,18.313485031659777,-85.42524646601571,13.590966178953183,48.85561777909727,29,7,0.30166765255405914,78,632120,89,0,0.00364570476114042,24,6.367121640476235,healthy,cleanroom_B,0
2026-01-01 22:35:00,2026-01-01,cell_pha_001,URLLC,0.3065005491327638,0.21082966416095478,16.08037005063653,-85.03743402647922,12.956405298954833,51.797800879670454,24,7,0.2880507335332733,78,632120,73,0,0.0034115500179675248,14,6.493213676680917,healthy,cleanroom_A,0
2026-01-01 22:35:00,2026-01-01,cell_pha_002,URLLC,0.27816856042867283,0.22191652676509996,14.290083131101124,-83.47437781606253,13.282706363799278,44.75490084695124,25,7,0.29641976734911285,78,632120,89,0,0.005559105249029129,19,6.250781199408933,healthy,cleanroom_B,0
2026-01-01 22:40:00,2026-01-01,cell_pha_001,URLLC,0.25877430111988164,0.21656634969045077,18.982687258434368,-85.23552385519058,12.933589350156462,49.17749681100484,23,7,0.3192086342123878,78,632120,73,0,0.003649290530648503,17,6.035370939930849,healthy,cleanroom_A,0
2026-01-01 22:40:00,2026-01-01,cell_pha_002,URLLC,0.2703505495407411,0.22596312032466156,17.373168691832603,-84.87799660589616,13.096028671219187,47.456329683624276,26,7,0.3054346475196734,78,632120,89,0,0.0028656056630931345,19,5.911969122472297,healthy,cleanroom_B,0
2026-01-01 22:45:00,2026-01-01,cell_pha_001,URLLC,0.2510362996626441,0.17017024332978933,16.326456654017022,-84.77089081870281,12.639259051074294,48.28817141735233,22,7,0.2894190299530577,78,632120,73,1,0.002517108731654795,21,6.604825047568284,healthy,cleanroom_A,0
2026-01-01 22:45:00,2026-01-01,cell_pha_002,URLLC,0.3533230090697911,0.13880987411739754,15.097465154770024,-86.14625484337513,13.0878482972957,53.900605928738,21,7,0.32437333880642344,78,632120,89,0,0.0034610915633435458,18,7.130815919944536,healthy,cleanroom_B,0
2026-01-01 22:50:00,2026-01-01,cell_pha_001,URLLC,0.23061298933090063,0.2797822840250596,17.877741084354895,-86.96364001956266,13.31453439845574,44.448836016704156,23,7,0.3145283304392951,78,632120,73,0,0.0017227319645001086,22,6.523907419352438,healthy,cleanroom_A,0
2026-01-01 22:50:00,2026-01-01,cell_pha_002,URLLC,0.228341461913602,0.2445802276052332,16.781242269607702,-87.62948083682221,13.799287022543831,47.1953004014002,28,7,0.3318268852823055,78,632120,89,0,0.0002040871311500222,19,5.917938286495734,healthy,cleanroom_B,0
2026-01-01 22:55:00,2026-01-01,cell_pha_001,URLLC,0.26602755974783915,0.21024521790988737,15.945317614093977,-84.57548014577546,12.554303611207727,47.13199503524105,21,7,0.3081098408608607,78,632120,73,0,0.005559190816197786,14,6.375903788282815,healthy,cleanroom_A,0
2026-01-01 22:55:00,2026-01-01,cell_pha_002,URLLC,0.32499480391686436,0.25571574114866924,16.837525594154574,-86.60728449851277,12.705109231331983,50.40407170906665,24,7,0.32928607825054806,78,632120,89,0,0.003997466918658461,16,6.3799019432609905,healthy,cleanroom_B,0
2026-01-01 23:00:00,2026-01-01,cell_pha_001,URLLC,0.3136573320722238,0.20244447770420002,17.184375556903085,-88.09530936392417,13.13369868511111,52.54807537364857,25,7,0.27986658369688394,78,632120,73,0,0.004624014077537355,24,5.684092420124247,healthy,cleanroom_A,0
2026-01-01 23:00:00,2026-01-01,cell_pha_002,URLLC,0.23890469604363568,0.23787243720135148,17.119389395822964,-84.98579392283472,14.72191022440418,47.00684840558376,29,7,0.29665542575810167,78,632120,89,0,0.0,17,7.099073112603916,healthy,cleanroom_B,0
2026-01-01 23:05:00,2026-01-01,cell_pha_001,URLLC,0.28989708644781886,0.21079395062319106,19.006275842765568,-85.00899063049663,12.505389329867665,49.5752161225862,23,7,0.2827221401615514,78,632120,73,0,0.007683060864098676,22,6.265912857861067,healthy,cleanroom_A,0
2026-01-01 23:05:00,2026-01-01,cell_pha_002,URLLC,0.24372636085957133,0.27205221887542824,17.816692014109364,-83.68008288385464,12.904498988216156,46.63842042493744,26,7,0.29820016870068633,78,632120,89,0,0.005499566938651628,18,6.623007172185717,healthy,cleanroom_B,0
2026-01-01 23:10:00,2026-01-01,cell_pha_001,URLLC,0.23804824267929997,0.23554554648353507,17.162786782063353,-82.89337610117508,13.23898564036948,53.305275985541535,24,7,0.32596522735946976,78,632120,73,0,0.0024186099091317564,15,7.606117337818226,healthy,cleanroom_A,0
2026-01-01 23:10:00,2026-01-01,cell_pha_002,URLLC,0.2790524575236061,0.18537553193239215,19.088273520116918,-83.69613942613606,12.947577008818186,51.464655932177045,22,7,0.3205655083131678,78,632120,89,0,0.0037629786015250287,12,6.052748860103694,healthy,cleanroom_B,0
2026-01-01 23:15:00,2026-01-01,cell_pha_001,URLLC,0.25829996021403306,0.22195507199092696,16.759519803229722,-83.11864876687096,12.491753314229044,49.067080146341134,22,7,0.28974762762591205,78,632120,73,0,0.0024429479086929386,13,7.0572043668488575,healthy,cleanroom_A,0
2026-01-01 23:15:00,2026-01-01,cell_pha_002,URLLC,0.26642678981461854,0.25275719307285555,17.943895238024968,-87.13847729598965,13.175955359738596,50.013037281633004,26,7,0.32873691020350365,78,632120,89,0,0.006626334124766252,21,6.623409852120547,healthy,cleanroom_B,0
2026-01-01 23:20:00,2026-01-01,cell_pha_001,URLLC,0.27834916100829116,0.2240201342850373,17.253025401951504,-86.92453557989766,13.568316515627952,46.37953933778258,23,7,0.2933507926242899,78,632120,73,0,0.0013132657457705825,29,6.823778492344396,healthy,cleanroom_A,0
2026-01-01 23:20:00,2026-01-01,cell_pha_002,URLLC,0.23864307569193677,0.21290183426655013,14.130784314599191,-85.69151503910766,13.724499207275421,46.80212681475028,26,7,0.320730802550414,78,632120,89,0,0.006930282318691737,21,5.7103737616581105,healthy,cleanroom_B,0
2026-01-01 23:25:00,2026-01-01,cell_pha_001,URLLC,0.2562883403895333,0.2422848201986666,17.06578962188433,-86.0895027208408,13.799923183619828,53.32254667051131,23,7,0.30221734781007353,78,632120,73,0,0.0027005701231160003,18,7.40656756993106,healthy,cleanroom_A,0
2026-01-01 23:25:00,2026-01-01,cell_pha_002,URLLC,0.2412209559400633,0.20741248472046997,19.454809135507137,-85.98286322695803,11.412658980444654,47.947415255153466,20,7,0.25404295726450143,78,632120,89,0,0.0071810554007101235,28,7.330129228939848,healthy,cleanroom_B,0
2026-01-01 23:30:00,2026-01-01,cell_pha_001,URLLC,0.29443522266023614,0.20242865413032443,17.271568173018856,-85.77968724031727,13.572395377311265,47.13250680476816,19,7,0.3108590526131432,78,632120,73,1,0.0007625825538139196,24,7.503216948078025,healthy,cleanroom_A,0
2026-01-01 23:30:00,2026-01-01,cell_pha_002,URLLC,0.28003141558247613,0.2236367255106807,16.12899205517229,-88.55914541032664,13.484660203851217,46.54073288040232,23,7,0.2986295487988509,78,632120,89,0,0.0009692064292701062,18,7.109878486509071,healthy,cleanroom_B,0
2026-01-01 23:35:00,2026-01-01,cell_pha_001,URLLC,0.24846472158198732,0.20876554331542546,17.126384651599718,-88.07244698590262,13.717017568923243,50.982219510017686,26,7,0.2984964950908269,78,632120,73,0,0.0036850989186325025,16,6.229742248806197,healthy,cleanroom_A,0
2026-01-01 23:35:00,2026-01-01,cell_pha_002,URLLC,0.2580064500615222,0.23398675367954436,15.889864914931122,-87.25445212993388,12.760813182906517,52.07201275199942,26,7,0.30420244746924385,78,632120,89,0,0.0014162611713489839,20,6.014933235074109,healthy,cleanroom_B,0
2026-01-01 23:40:00,2026-01-01,cell_pha_001,URLLC,0.23111091728547117,0.19472553872293819,17.982058756380617,-86.35534633866995,15.256130402165283,54.414523411455626,22,7,0.30378465691097445,78,632120,73,0,0.005576063219950413,14,6.463547992835363,healthy,cleanroom_A,0
2026-01-01 23:40:00,2026-01-01,cell_pha_002,URLLC,0.23953973030878128,0.21310002411916654,17.123778171424977,-87.1355443487757,12.630840647733034,45.06181749929169,24,7,0.32810454229723357,78,632120,89,0,0.0034994679759437525,23,7.282915295880349,healthy,cleanroom_B,0
2026-01-01 23:45:00,2026-01-01,cell_pha_001,URLLC,0.2742242029143023,0.21727105315626014,16.27901996632013,-87.24604660490266,13.782885476046735,46.35670911495938,17,7,0.30520489141696033,78,632120,73,0,0.007602691945600043,21,6.5561022508140665,healthy,cleanroom_A,0
2026-01-01 23:45:00,2026-01-01,cell_pha_002,URLLC,0.3312969776778215,0.275525609028738,18.80902477088987,-84.5732522438316,14.489688128878079,50.30032287678936,26,7,0.30557764951256283,78,632120,89,0,0.008888716359909472,19,7.154666885729234,healthy,cleanroom_B,0
2026-01-01 23:50:00,2026-01-01,cell_pha_001,URLLC,0.2733857625224105,0.2336674131200973,14.31379613778604,-83.81331995793289,14.108209460959873,53.16926968431753,24,7,0.2973355947023619,78,632120,73,0,0.002199129906601629,15,6.694446895110045,healthy,cleanroom_A,0
2026-01-01 23:50:00,2026-01-01,cell_pha_002,URLLC,0.32332751189207143,0.16398819457315106,15.737638136812754,-85.1593133375618,14.43431047227547,47.13415536369152,25,7,0.3465694452794253,78,632120,89,0,0.004523006231216603,13,7.502539666312723,healthy,cleanroom_B,0
2026-01-01 23:55:00,2026-01-01,cell_pha_001,URLLC,0.24663004255655935,0.24220853000958747,15.824577555039689,-86.99444907045464,13.305037146462436,49.21056704236177,20,7,0.33268169235990275,78,632120,73,0,0.0028824763502203633,21,6.193997806520104,healthy,cleanroom_A,0
2026-01-01 23:55:00,2026-01-01,cell_pha_002,URLLC,0.28228283436767554,0.23411948758312215,16.75788562969268,-88.19108795895792,13.720613749499625,44.867333953271526,21,7,0.298715974618575,78,632120,89,0,0.00574051865459021,19,7.346210725808474,healthy,cleanroom_B,0
